Time (s),CH1_Voltage (V),CH2_Voltage (V),CH3_Voltage (V),CH4_Voltage (V)
-0.1254,2.0,32.0,0.0,2.0
-0.12530000000000002,0.0,34.0,0.0,2.0
-0.1252,0.0,32.0,0.0,2.0
-0.12510000000000002,0.0,32.0,0.0,2.0
-0.125,0.0,34.0,0.0,2.0
-0.12490000000000001,2.0,32.0,0.0,2.0
-0.12480000000000001,0.0,34.0,0.0,2.0
-0.1247,0.0,34.0,0.0,2.0
-0.12460000000000002,0.0,32.0,0.0,2.0
-0.12450000000000001,2.0,32.0,0.0,2.0
-0.12440000000000001,0.0,32.0,0.0,2.0
-0.12430000000000001,0.0,34.0,0.0,2.0
-0.1242,0.0,32.0,0.0,2.0
-0.12410000000000002,2.0,34.0,0.0,2.0
-0.12400000000000001,2.0,32.0,0.0,2.0
-0.12390000000000001,0.0,32.0,0.0,2.0
-0.12380000000000001,0.0,32.0,0.0,2.0
-0.1237,0.0,32.0,0.0,2.0
-0.12360000000000002,2.0,32.0,0.0,2.0
-0.12350000000000001,2.0,32.0,0.0,2.0
-0.12340000000000001,0.0,32.0,0.0,2.0
-0.1233,2.0,32.0,0.0,2.0
-0.12320000000000002,0.0,34.0,0.0,2.0
-0.12310000000000001,0.0,32.0,0.0,2.0
-0.12300000000000001,0.0,32.0,0.0,2.0
-0.12290000000000001,2.0,32.0,0.0,2.0
-0.1228,0.0,32.0,0.0,2.0
-0.12270000000000002,0.0,34.0,0.0,2.0
-0.12260000000000001,2.0,32.0,0.0,2.0
-0.12250000000000001,0.0,32.0,0.0,2.0
-0.12240000000000001,2.0,34.0,0.0,2.0
-0.1223,0.0,32.0,0.0,2.0
-0.12220000000000002,0.0,32.0,0.0,2.0
-0.12210000000000001,0.0,32.0,0.0,2.0
-0.12200000000000001,2.0,32.0,0.0,2.0
-0.12190000000000001,0.0,32.0,0.0,2.0
-0.1218,0.0,32.0,0.0,2.0
-0.12170000000000002,0.0,32.0,0.0,2.0
-0.12160000000000001,2.0,34.0,0.0,2.0
-0.12150000000000001,0.0,32.0,0.0,2.0
-0.12140000000000001,0.0,34.0,0.0,2.0
-0.1213,2.0,34.0,0.0,2.0
-0.12120000000000002,2.0,32.0,0.0,2.0
-0.12110000000000001,0.0,32.0,0.0,2.0
-0.12100000000000001,2.0,32.0,0.0,2.0
-0.12090000000000001,2.0,34.0,0.0,2.0
-0.12080000000000002,2.0,32.0,0.0,2.0
-0.12070000000000002,0.0,32.0,0.0,2.0
-0.12060000000000001,2.0,32.0,0.0,2.0
-0.12050000000000001,0.0,32.0,0.0,2.0
-0.12040000000000001,0.0,32.0,0.0,2.0
-0.12030000000000002,0.0,32.0,0.0,2.0
-0.12020000000000002,0.0,32.0,0.0,2.0
-0.12010000000000001,0.0,34.0,0.0,0.0
-0.12000000000000001,2.0,32.0,0.0,2.0
-0.1199,2.0,32.0,0.0,0.0
-0.11980000000000002,0.0,32.0,0.0,2.0
-0.11970000000000001,0.0,32.0,0.0,2.0
-0.11960000000000001,2.0,32.0,0.0,2.0
-0.11950000000000001,0.0,32.0,0.0,2.0
-0.1194,0.0,32.0,0.0,2.0
-0.11930000000000002,2.0,32.0,0.0,0.0
-0.11920000000000001,2.0,34.0,0.0,2.0
-0.11910000000000001,0.0,34.0,0.0,2.0
-0.11900000000000001,0.0,32.0,0.0,2.0
-0.1189,0.0,32.0,0.0,2.0
-0.11880000000000002,2.0,0.0,0.0,2.0
-0.11870000000000001,0.0,0.0,0.0,2.0
-0.11860000000000001,0.0,0.0,0.0,2.0
-0.11850000000000001,0.0,0.0,0.0,2.0
-0.1184,0.0,0.0,0.0,0.0
-0.11830000000000002,0.0,0.0,0.0,2.0
-0.11820000000000001,34.0,0.0,0.0,2.0
-0.11810000000000001,34.0,0.0,0.0,2.0
-0.11800000000000001,34.0,0.0,0.0,2.0
-0.1179,34.0,0.0,0.0,2.0
-0.11780000000000002,34.0,0.0,0.0,2.0
-0.11770000000000001,34.0,0.0,0.0,2.0
-0.11760000000000001,34.0,0.0,0.0,0.0
-0.11750000000000001,34.0,0.0,0.0,2.0
-0.1174,34.0,0.0,0.0,2.0
-0.11730000000000002,34.0,0.0,0.0,2.0
-0.11720000000000001,34.0,0.0,0.0,2.0
-0.11710000000000001,34.0,0.0,0.0,0.0
-0.117,34.0,0.0,0.0,2.0
-0.1169,34.0,0.0,0.0,2.0
-0.11680000000000001,34.0,0.0,0.0,2.0
-0.11670000000000001,34.0,0.0,0.0,2.0
-0.11660000000000001,34.0,0.0,0.0,2.0
-0.1165,34.0,0.0,0.0,2.0
-0.1164,32.0,0.0,0.0,2.0
-0.11630000000000001,34.0,2.0,0.0,2.0
-0.11620000000000001,34.0,0.0,0.0,2.0
-0.11610000000000001,32.0,0.0,0.0,2.0
-0.116,34.0,0.0,0.0,2.0
-0.11590000000000002,34.0,0.0,0.0,2.0
-0.11580000000000001,34.0,0.0,0.0,2.0
-0.11570000000000001,34.0,2.0,0.0,2.0
-0.11560000000000001,34.0,0.0,0.0,2.0
-0.1155,34.0,0.0,0.0,0.0
-0.11540000000000002,34.0,0.0,0.0,2.0
-0.11530000000000001,34.0,0.0,0.0,0.0
-0.11520000000000001,32.0,0.0,0.0,2.0
-0.11510000000000001,34.0,0.0,0.0,2.0
-0.115,32.0,0.0,0.0,2.0
-0.11490000000000002,34.0,0.0,0.0,2.0
-0.11480000000000001,34.0,0.0,0.0,2.0
-0.11470000000000001,34.0,0.0,0.0,2.0
-0.11460000000000001,34.0,0.0,0.0,0.0
-0.11450000000000002,34.0,0.0,0.0,2.0
-0.11440000000000002,34.0,0.0,0.0,2.0
-0.11430000000000001,34.0,0.0,0.0,2.0
-0.11420000000000001,34.0,0.0,0.0,2.0
-0.11410000000000001,34.0,0.0,0.0,2.0
-0.11400000000000002,34.0,0.0,0.0,2.0
-0.11390000000000002,34.0,0.0,0.0,2.0
-0.11380000000000001,32.0,0.0,0.0,2.0
-0.11370000000000001,34.0,0.0,0.0,2.0
-0.1136,34.0,0.0,0.0,2.0
-0.11350000000000002,34.0,0.0,0.0,2.0
-0.11340000000000001,34.0,0.0,0.0,2.0
-0.11330000000000001,34.0,0.0,0.0,0.0
-0.11320000000000001,34.0,0.0,0.0,2.0
-0.1131,34.0,0.0,34.0,2.0
-0.11300000000000002,34.0,0.0,34.0,2.0
-0.11290000000000001,34.0,0.0,34.0,2.0
-0.11280000000000001,32.0,0.0,34.0,2.0
-0.11270000000000001,34.0,0.0,34.0,2.0
-0.1126,34.0,0.0,34.0,34.0
-0.11250000000000002,34.0,0.0,34.0,34.0
-0.11240000000000001,34.0,0.0,34.0,36.0
-0.11230000000000001,34.0,0.0,34.0,34.0
-0.11220000000000001,34.0,0.0,34.0,34.0
-0.1121,34.0,0.0,34.0,34.0
-0.11200000000000002,34.0,0.0,34.0,34.0
-0.11190000000000001,34.0,0.0,34.0,34.0
-0.11180000000000001,34.0,0.0,34.0,36.0
-0.11170000000000001,34.0,0.0,34.0,34.0
-0.1116,34.0,0.0,34.0,36.0
-0.11150000000000002,32.0,0.0,34.0,34.0
-0.11140000000000001,34.0,0.0,34.0,34.0
-0.11130000000000001,34.0,0.0,34.0,34.0
-0.11120000000000001,34.0,0.0,34.0,34.0
-0.1111,34.0,0.0,34.0,34.0
-0.11100000000000002,34.0,0.0,34.0,34.0
-0.11090000000000001,34.0,0.0,34.0,36.0
-0.11080000000000001,34.0,0.0,34.0,34.0
-0.1107,34.0,0.0,36.0,34.0
-0.1106,34.0,0.0,34.0,34.0
-0.11050000000000001,34.0,0.0,34.0,34.0
-0.11040000000000001,34.0,0.0,34.0,34.0
-0.11030000000000001,32.0,0.0,34.0,34.0
-0.1102,34.0,2.0,34.0,34.0
-0.1101,34.0,0.0,34.0,34.0
-0.11000000000000001,34.0,2.0,34.0,36.0
-0.10990000000000001,34.0,0.0,34.0,34.0
-0.10980000000000001,34.0,0.0,34.0,36.0
-0.1097,34.0,0.0,34.0,34.0
-0.1096,34.0,0.0,34.0,34.0
-0.10950000000000001,34.0,0.0,34.0,34.0
-0.10940000000000001,34.0,0.0,34.0,34.0
-0.10930000000000001,34.0,0.0,34.0,34.0
-0.10920000000000002,34.0,0.0,34.0,34.0
-0.1091,34.0,0.0,34.0,34.0
-0.10900000000000001,34.0,0.0,34.0,34.0
-0.10890000000000001,34.0,0.0,34.0,34.0
-0.10880000000000001,34.0,0.0,34.0,36.0
-0.10870000000000002,34.0,0.0,34.0,36.0
-0.1086,34.0,0.0,34.0,34.0
-0.10850000000000001,34.0,0.0,34.0,36.0
-0.10840000000000001,34.0,0.0,34.0,34.0
-0.10830000000000001,34.0,0.0,34.0,34.0
-0.10820000000000002,34.0,0.0,34.0,34.0
-0.10810000000000002,34.0,0.0,34.0,36.0
-0.10800000000000001,34.0,0.0,34.0,34.0
-0.10790000000000001,34.0,0.0,34.0,36.0
-0.1078,34.0,0.0,34.0,34.0
-0.10770000000000002,34.0,0.0,34.0,34.0
-0.10760000000000002,34.0,0.0,34.0,34.0
-0.10750000000000001,34.0,0.0,34.0,34.0
-0.10740000000000001,34.0,0.0,34.0,34.0
-0.1073,32.0,0.0,34.0,34.0
-0.10720000000000002,34.0,0.0,34.0,34.0
-0.10710000000000001,34.0,0.0,34.0,36.0
-0.10700000000000001,34.0,0.0,34.0,34.0
-0.10690000000000001,34.0,0.0,34.0,34.0
-0.1068,34.0,0.0,34.0,34.0
-0.10670000000000002,34.0,0.0,34.0,34.0
-0.10660000000000001,34.0,0.0,34.0,34.0
-0.10650000000000001,34.0,0.0,34.0,34.0
-0.10640000000000001,34.0,0.0,34.0,34.0
-0.1063,34.0,0.0,34.0,36.0
-0.10620000000000002,34.0,0.0,34.0,36.0
-0.10610000000000001,34.0,0.0,34.0,36.0
-0.10600000000000001,34.0,0.0,34.0,34.0
-0.10590000000000001,34.0,0.0,34.0,34.0
-0.1058,34.0,0.0,34.0,34.0
-0.10570000000000002,34.0,0.0,34.0,34.0
-0.10560000000000001,34.0,0.0,34.0,34.0
-0.10550000000000001,34.0,0.0,34.0,34.0
-0.10540000000000001,34.0,0.0,34.0,34.0
-0.1053,32.0,0.0,34.0,36.0
-0.10520000000000002,34.0,0.0,34.0,34.0
-0.10510000000000001,34.0,0.0,34.0,36.0
-0.10500000000000001,34.0,0.0,34.0,34.0
-0.10490000000000001,34.0,0.0,34.0,34.0
-0.1048,34.0,0.0,34.0,34.0
-0.10470000000000002,34.0,0.0,34.0,36.0
-0.10460000000000001,34.0,0.0,34.0,34.0
-0.10450000000000001,34.0,0.0,34.0,34.0
-0.1044,34.0,0.0,34.0,34.0
-0.1043,34.0,0.0,34.0,34.0
-0.10420000000000001,34.0,0.0,34.0,34.0
-0.10410000000000001,34.0,0.0,34.0,34.0
-0.10400000000000001,34.0,0.0,34.0,34.0
-0.1039,34.0,0.0,34.0,34.0
-0.1038,34.0,0.0,34.0,34.0
-0.10370000000000001,34.0,0.0,34.0,36.0
-0.10360000000000001,34.0,0.0,34.0,34.0
-0.10350000000000001,34.0,0.0,34.0,34.0
-0.1034,34.0,0.0,34.0,34.0
-0.1033,34.0,0.0,34.0,36.0
-0.10320000000000001,34.0,0.0,34.0,34.0
-0.10310000000000001,34.0,0.0,34.0,34.0
-0.10300000000000001,34.0,0.0,34.0,34.0
-0.1029,34.0,0.0,34.0,36.0
-0.1028,32.0,0.0,34.0,34.0
-0.10270000000000001,34.0,0.0,34.0,34.0
-0.10260000000000001,34.0,0.0,34.0,34.0
-0.10250000000000001,32.0,0.0,34.0,34.0
-0.10240000000000002,34.0,0.0,34.0,34.0
-0.1023,34.0,0.0,34.0,36.0
-0.10220000000000001,34.0,0.0,34.0,36.0
-0.10210000000000001,34.0,0.0,34.0,34.0
-0.10200000000000001,34.0,0.0,34.0,36.0
-0.10190000000000002,34.0,0.0,34.0,34.0
-0.10180000000000002,34.0,0.0,34.0,36.0
-0.10170000000000001,34.0,0.0,34.0,34.0
-0.10160000000000001,34.0,0.0,34.0,34.0
-0.1015,34.0,0.0,34.0,34.0
-0.10140000000000002,34.0,0.0,34.0,36.0
-0.10130000000000002,34.0,0.0,34.0,36.0
-0.10120000000000001,34.0,0.0,34.0,34.0
-0.10110000000000001,34.0,0.0,34.0,34.0
-0.101,34.0,0.0,34.0,34.0
-0.10090000000000002,34.0,0.0,34.0,34.0
-0.10080000000000001,34.0,0.0,32.0,36.0
-0.10070000000000001,34.0,0.0,34.0,34.0
-0.10060000000000001,34.0,0.0,34.0,34.0
-0.1005,34.0,0.0,34.0,34.0
-0.10040000000000002,34.0,0.0,34.0,34.0
-0.10030000000000001,34.0,0.0,34.0,34.0
-0.10020000000000001,34.0,0.0,34.0,34.0
-0.10010000000000001,34.0,0.0,34.0,34.0
-0.1,34.0,0.0,34.0,34.0
-0.09990000000000002,34.0,0.0,34.0,34.0
-0.09980000000000001,34.0,0.0,34.0,34.0
-0.09970000000000001,34.0,0.0,34.0,36.0
-0.09960000000000001,34.0,0.0,34.0,34.0
-0.0995,34.0,0.0,34.0,34.0
-0.09940000000000002,34.0,0.0,34.0,36.0
-0.09930000000000001,34.0,2.0,34.0,34.0
-0.09920000000000001,34.0,0.0,34.0,36.0
-0.09910000000000001,34.0,0.0,34.0,34.0
-0.099,0.0,0.0,34.0,36.0
-0.09890000000000002,0.0,0.0,34.0,34.0
-0.09880000000000001,0.0,0.0,34.0,34.0
-0.09870000000000001,2.0,0.0,34.0,36.0
-0.09860000000000001,0.0,0.0,34.0,36.0
-0.0985,0.0,0.0,34.0,34.0
-0.09840000000000002,0.0,0.0,34.0,2.0
-0.09830000000000001,0.0,0.0,34.0,2.0
-0.09820000000000001,0.0,0.0,34.0,2.0
-0.0981,2.0,0.0,34.0,2.0
-0.098,0.0,0.0,34.0,0.0
-0.09790000000000001,0.0,0.0,34.0,2.0
-0.09780000000000001,0.0,0.0,34.0,2.0
-0.09770000000000001,0.0,0.0,34.0,2.0
-0.0976,0.0,0.0,34.0,2.0
-0.0975,0.0,0.0,34.0,2.0
-0.09740000000000001,0.0,0.0,34.0,2.0
-0.09730000000000001,0.0,0.0,34.0,0.0
-0.09720000000000001,0.0,0.0,34.0,2.0
-0.0971,0.0,0.0,34.0,2.0
-0.097,0.0,0.0,34.0,2.0
-0.09690000000000001,0.0,0.0,34.0,2.0
-0.09680000000000001,0.0,2.0,34.0,2.0
-0.09670000000000001,0.0,0.0,34.0,2.0
-0.0966,0.0,0.0,34.0,2.0
-0.0965,0.0,0.0,34.0,2.0
-0.09640000000000001,0.0,0.0,34.0,2.0
-0.09630000000000001,0.0,0.0,34.0,2.0
-0.09620000000000001,0.0,0.0,34.0,2.0
-0.0961,0.0,0.0,34.0,2.0
-0.096,0.0,0.0,34.0,2.0
-0.09590000000000001,0.0,0.0,34.0,2.0
-0.09580000000000001,0.0,0.0,34.0,2.0
-0.09570000000000001,0.0,0.0,34.0,2.0
-0.09560000000000002,0.0,0.0,0.0,2.0
-0.0955,2.0,0.0,0.0,2.0
-0.09540000000000001,0.0,0.0,0.0,2.0
-0.09530000000000001,2.0,0.0,0.0,2.0
-0.0952,0.0,0.0,0.0,2.0
-0.09510000000000002,2.0,32.0,0.0,2.0
-0.09500000000000001,0.0,34.0,0.0,2.0
-0.09490000000000001,0.0,34.0,0.0,2.0
-0.09480000000000001,0.0,34.0,0.0,2.0
-0.0947,0.0,32.0,0.0,2.0
-0.09460000000000002,2.0,32.0,0.0,2.0
-0.09450000000000001,0.0,32.0,0.0,2.0
-0.09440000000000001,0.0,32.0,0.0,2.0
-0.09430000000000001,2.0,32.0,0.0,2.0
-0.0942,0.0,32.0,0.0,2.0
-0.09410000000000002,2.0,32.0,0.0,2.0
-0.094,0.0,32.0,0.0,2.0
-0.09390000000000001,0.0,32.0,0.0,2.0
-0.09380000000000001,2.0,34.0,0.0,2.0
-0.0937,0.0,32.0,0.0,2.0
-0.09360000000000002,2.0,32.0,0.0,2.0
-0.0935,2.0,34.0,0.0,2.0
-0.09340000000000001,0.0,34.0,0.0,2.0
-0.09330000000000001,0.0,32.0,0.0,2.0
-0.0932,2.0,32.0,0.0,2.0
-0.09310000000000002,0.0,32.0,0.0,2.0
-0.09300000000000001,0.0,34.0,0.0,0.0
-0.09290000000000001,0.0,34.0,0.0,2.0
-0.09280000000000001,0.0,32.0,0.0,2.0
-0.0927,2.0,32.0,0.0,0.0
-0.09260000000000002,0.0,32.0,0.0,2.0
-0.09250000000000001,0.0,32.0,0.0,2.0
-0.09240000000000001,2.0,32.0,0.0,2.0
-0.09230000000000001,0.0,32.0,0.0,2.0
-0.0922,0.0,32.0,2.0,2.0
-0.09210000000000002,2.0,32.0,0.0,2.0
-0.09200000000000001,0.0,32.0,0.0,2.0
-0.09190000000000001,0.0,32.0,0.0,2.0
-0.0918,0.0,32.0,0.0,0.0
-0.0917,0.0,34.0,0.0,2.0
-0.09160000000000001,0.0,32.0,0.0,2.0
-0.09150000000000001,0.0,32.0,0.0,2.0
-0.09140000000000001,2.0,32.0,0.0,2.0
-0.09130000000000002,0.0,32.0,0.0,2.0
-0.0912,2.0,32.0,0.0,2.0
-0.09110000000000001,2.0,32.0,0.0,2.0
-0.09100000000000001,0.0,32.0,0.0,2.0
-0.09090000000000001,0.0,34.0,0.0,2.0
-0.09080000000000002,0.0,34.0,0.0,2.0
-0.0907,0.0,32.0,0.0,2.0
-0.09060000000000001,0.0,32.0,0.0,2.0
-0.09050000000000001,0.0,32.0,0.0,2.0
-0.09040000000000001,0.0,32.0,0.0,2.0
-0.09030000000000002,0.0,34.0,0.0,2.0
-0.0902,2.0,32.0,0.0,2.0
-0.09010000000000001,0.0,32.0,0.0,2.0
-0.09000000000000001,0.0,32.0,0.0,2.0
-0.08990000000000001,0.0,32.0,0.0,2.0
-0.08980000000000002,2.0,34.0,0.0,2.0
-0.0897,0.0,34.0,0.0,2.0
-0.08960000000000001,0.0,32.0,0.0,2.0
-0.08950000000000001,0.0,32.0,0.0,2.0
-0.08940000000000001,0.0,34.0,0.0,2.0
-0.08930000000000002,0.0,32.0,0.0,2.0
-0.0892,2.0,32.0,0.0,2.0
-0.08910000000000001,0.0,32.0,0.0,2.0
-0.08900000000000001,0.0,34.0,0.0,2.0
-0.0889,0.0,32.0,0.0,0.0
-0.08880000000000002,0.0,32.0,0.0,2.0
-0.0887,2.0,32.0,0.0,2.0
-0.08860000000000001,0.0,32.0,0.0,2.0
-0.08850000000000001,2.0,32.0,0.0,2.0
-0.0884,0.0,32.0,0.0,2.0
-0.08830000000000002,0.0,32.0,0.0,2.0
-0.0882,0.0,32.0,0.0,2.0
-0.08810000000000001,2.0,32.0,0.0,2.0
-0.08800000000000001,0.0,32.0,0.0,2.0
-0.0879,0.0,32.0,0.0,2.0
-0.08780000000000002,0.0,32.0,0.0,2.0
-0.0877,0.0,32.0,0.0,2.0
-0.08760000000000001,2.0,32.0,0.0,2.0
-0.08750000000000001,0.0,32.0,0.0,2.0
-0.0874,0.0,32.0,2.0,0.0
-0.08730000000000002,0.0,34.0,0.0,2.0
-0.0872,2.0,34.0,0.0,2.0
-0.08710000000000001,0.0,34.0,0.0,2.0
-0.08700000000000001,2.0,32.0,0.0,2.0
-0.0869,0.0,32.0,0.0,0.0
-0.08680000000000002,0.0,32.0,0.0,2.0
-0.0867,0.0,32.0,0.0,2.0
-0.08660000000000001,0.0,32.0,0.0,2.0
-0.08650000000000001,0.0,32.0,0.0,2.0
-0.0864,0.0,34.0,0.0,2.0
-0.08630000000000002,0.0,32.0,0.0,2.0
-0.08620000000000001,0.0,34.0,0.0,2.0
-0.08610000000000001,2.0,34.0,2.0,2.0
-0.08600000000000001,0.0,32.0,0.0,0.0
-0.0859,0.0,32.0,0.0,0.0
-0.08580000000000002,0.0,32.0,0.0,2.0
-0.08570000000000001,0.0,32.0,0.0,2.0
-0.08560000000000001,2.0,32.0,0.0,0.0
-0.0855,2.0,32.0,0.0,2.0
-0.0854,0.0,34.0,0.0,2.0
-0.08530000000000001,0.0,34.0,0.0,2.0
-0.08520000000000001,0.0,32.0,0.0,2.0
-0.08510000000000001,0.0,34.0,0.0,2.0
-0.085,0.0,32.0,0.0,2.0
-0.0849,2.0,34.0,0.0,2.0
-0.08480000000000001,0.0,34.0,0.0,2.0
-0.08470000000000001,0.0,32.0,0.0,2.0
-0.08460000000000001,0.0,34.0,0.0,2.0
-0.08450000000000002,0.0,32.0,0.0,2.0
-0.0844,0.0,32.0,0.0,2.0
-0.08430000000000001,0.0,32.0,0.0,2.0
-0.08420000000000001,0.0,32.0,0.0,2.0
-0.08410000000000001,0.0,0.0,0.0,2.0
-0.08400000000000002,0.0,0.0,0.0,2.0
-0.0839,0.0,0.0,0.0,2.0
-0.08380000000000001,0.0,0.0,0.0,2.0
-0.08370000000000001,0.0,0.0,0.0,2.0
-0.08360000000000001,0.0,0.0,0.0,2.0
-0.08350000000000002,34.0,0.0,0.0,2.0
-0.0834,34.0,0.0,0.0,2.0
-0.08330000000000001,34.0,0.0,0.0,2.0
-0.08320000000000001,34.0,2.0,0.0,2.0
-0.08310000000000001,34.0,0.0,0.0,2.0
-0.08300000000000002,34.0,2.0,0.0,2.0
-0.0829,34.0,0.0,0.0,2.0
-0.08280000000000001,34.0,0.0,0.0,2.0
-0.08270000000000001,34.0,0.0,0.0,2.0
-0.0826,34.0,0.0,0.0,2.0
-0.08250000000000002,34.0,0.0,0.0,2.0
-0.0824,34.0,0.0,0.0,2.0
-0.08230000000000001,34.0,0.0,2.0,2.0
-0.08220000000000001,34.0,2.0,0.0,2.0
-0.0821,32.0,0.0,0.0,0.0
-0.08200000000000002,34.0,0.0,0.0,2.0
-0.0819,34.0,0.0,2.0,0.0
-0.08180000000000001,32.0,0.0,0.0,0.0
-0.08170000000000001,32.0,0.0,0.0,0.0
-0.0816,34.0,0.0,0.0,2.0
-0.08150000000000002,34.0,0.0,0.0,2.0
-0.0814,34.0,0.0,0.0,2.0
-0.08130000000000001,34.0,0.0,0.0,2.0
-0.08120000000000001,34.0,0.0,0.0,2.0
-0.0811,34.0,0.0,0.0,2.0
-0.08100000000000002,34.0,0.0,0.0,2.0
-0.0809,34.0,0.0,0.0,2.0
-0.08080000000000001,34.0,0.0,0.0,2.0
-0.08070000000000001,34.0,0.0,0.0,2.0
-0.0806,34.0,0.0,0.0,2.0
-0.08050000000000002,34.0,0.0,0.0,0.0
-0.0804,34.0,0.0,0.0,2.0
-0.08030000000000001,34.0,0.0,0.0,2.0
-0.08020000000000001,34.0,0.0,0.0,0.0
-0.0801,34.0,0.0,0.0,2.0
-0.08000000000000002,34.0,0.0,0.0,2.0
-0.07990000000000001,34.0,0.0,0.0,2.0
-0.07980000000000001,32.0,0.0,0.0,2.0
-0.07970000000000001,34.0,0.0,0.0,2.0
-0.0796,34.0,0.0,0.0,2.0
-0.07950000000000002,34.0,0.0,0.0,2.0
-0.07940000000000001,34.0,0.0,0.0,2.0
-0.07930000000000001,34.0,0.0,0.0,0.0
-0.0792,34.0,0.0,0.0,2.0
-0.0791,34.0,0.0,0.0,2.0
-0.07900000000000001,34.0,0.0,0.0,2.0
-0.07890000000000001,34.0,0.0,0.0,2.0
-0.07880000000000001,34.0,0.0,0.0,0.0
-0.0787,34.0,0.0,0.0,2.0
-0.0786,34.0,0.0,0.0,0.0
-0.07850000000000001,34.0,0.0,34.0,2.0
-0.07840000000000001,34.0,0.0,34.0,2.0
-0.07830000000000001,34.0,0.0,34.0,2.0
-0.07820000000000002,34.0,0.0,34.0,2.0
-0.0781,34.0,0.0,34.0,2.0
-0.07800000000000001,34.0,0.0,34.0,2.0
-0.07790000000000001,34.0,0.0,34.0,2.0
-0.07780000000000001,34.0,0.0,34.0,2.0
-0.07770000000000002,34.0,0.0,34.0,34.0
-0.0776,34.0,0.0,34.0,34.0
-0.07750000000000001,34.0,0.0,34.0,34.0
-0.07740000000000001,34.0,0.0,32.0,34.0
-0.07730000000000001,34.0,0.0,34.0,36.0
-0.07720000000000002,34.0,2.0,34.0,34.0
-0.0771,34.0,0.0,34.0,36.0
-0.07700000000000001,34.0,0.0,34.0,36.0
-0.07690000000000001,34.0,0.0,34.0,34.0
-0.07680000000000001,34.0,0.0,34.0,34.0
-0.07670000000000002,34.0,0.0,34.0,36.0
-0.0766,34.0,0.0,32.0,34.0
-0.07650000000000001,34.0,0.0,34.0,34.0
-0.07640000000000001,34.0,0.0,34.0,34.0
-0.0763,32.0,0.0,36.0,34.0
-0.07620000000000002,34.0,0.0,34.0,34.0
-0.0761,34.0,0.0,34.0,34.0
-0.07600000000000001,34.0,0.0,34.0,34.0
-0.07590000000000001,34.0,0.0,34.0,36.0
-0.0758,34.0,0.0,34.0,34.0
-0.07570000000000002,34.0,0.0,34.0,34.0
-0.0756,34.0,0.0,34.0,34.0
-0.07550000000000001,34.0,0.0,34.0,36.0
-0.07540000000000001,34.0,0.0,34.0,34.0
-0.0753,34.0,2.0,34.0,34.0
-0.07520000000000002,34.0,0.0,34.0,34.0
-0.0751,34.0,0.0,34.0,34.0
-0.07500000000000001,34.0,0.0,34.0,34.0
-0.07490000000000001,34.0,0.0,36.0,34.0
-0.0748,34.0,0.0,34.0,34.0
-0.07470000000000002,34.0,0.0,34.0,34.0
-0.0746,34.0,2.0,34.0,34.0
-0.07450000000000001,34.0,0.0,34.0,34.0
-0.07440000000000001,34.0,0.0,34.0,34.0
-0.0743,34.0,0.0,34.0,34.0
-0.07420000000000002,34.0,0.0,34.0,34.0
-0.0741,34.0,0.0,34.0,36.0
-0.07400000000000001,34.0,0.0,34.0,34.0
-0.07390000000000001,34.0,0.0,34.0,34.0
-0.0738,34.0,0.0,34.0,34.0
-0.07370000000000002,34.0,0.0,34.0,36.0
-0.0736,34.0,0.0,34.0,34.0
-0.07350000000000001,34.0,0.0,34.0,34.0
-0.0734,34.0,0.0,34.0,34.0
-0.0733,34.0,0.0,34.0,34.0
-0.07320000000000002,34.0,2.0,34.0,34.0
-0.07310000000000001,34.0,0.0,32.0,34.0
-0.07300000000000001,34.0,0.0,34.0,34.0
-0.0729,34.0,0.0,34.0,36.0
-0.0728,34.0,0.0,34.0,34.0
-0.07270000000000001,34.0,0.0,34.0,36.0
-0.07260000000000001,34.0,0.0,34.0,34.0
-0.07250000000000001,34.0,0.0,36.0,36.0
-0.0724,34.0,0.0,34.0,36.0
-0.0723,34.0,2.0,34.0,34.0
-0.07220000000000001,34.0,0.0,34.0,36.0
-0.07210000000000001,34.0,0.0,34.0,36.0
-0.07200000000000001,34.0,0.0,34.0,34.0
-0.0719,34.0,0.0,34.0,34.0
-0.0718,34.0,0.0,34.0,34.0
-0.07170000000000001,34.0,0.0,34.0,34.0
-0.07160000000000001,34.0,0.0,34.0,34.0
-0.07150000000000001,34.0,0.0,34.0,36.0
-0.07140000000000002,32.0,0.0,34.0,36.0
-0.0713,34.0,0.0,34.0,34.0
-0.07120000000000001,34.0,0.0,36.0,34.0
-0.07110000000000001,34.0,0.0,34.0,34.0
-0.07100000000000001,34.0,0.0,34.0,34.0
-0.07090000000000002,34.0,0.0,34.0,34.0
-0.0708,34.0,0.0,34.0,34.0
-0.07070000000000001,34.0,0.0,34.0,34.0
-0.07060000000000001,34.0,0.0,34.0,34.0
-0.07050000000000001,34.0,0.0,34.0,34.0
-0.07040000000000002,34.0,0.0,34.0,34.0
-0.0703,32.0,0.0,34.0,34.0
-0.07020000000000001,34.0,0.0,34.0,34.0
-0.07010000000000001,34.0,0.0,34.0,36.0
-0.07,34.0,0.0,34.0,36.0
-0.06990000000000002,34.0,0.0,34.0,34.0
-0.0698,34.0,0.0,34.0,34.0
-0.06970000000000001,34.0,0.0,34.0,34.0
-0.06960000000000001,34.0,0.0,36.0,34.0
-0.0695,34.0,0.0,34.0,34.0
-0.06940000000000002,34.0,0.0,34.0,36.0
-0.0693,34.0,0.0,34.0,34.0
-0.06920000000000001,34.0,0.0,34.0,36.0
-0.06910000000000001,34.0,0.0,34.0,34.0
-0.069,34.0,0.0,34.0,34.0
-0.06890000000000002,34.0,0.0,34.0,36.0
-0.0688,34.0,0.0,34.0,36.0
-0.06870000000000001,34.0,0.0,34.0,36.0
-0.06860000000000001,34.0,0.0,32.0,34.0
-0.0685,34.0,0.0,34.0,34.0
-0.06840000000000002,34.0,0.0,34.0,36.0
-0.0683,34.0,0.0,34.0,34.0
-0.06820000000000001,34.0,0.0,34.0,34.0
-0.06810000000000001,32.0,0.0,34.0,34.0
-0.068,34.0,0.0,34.0,34.0
-0.06790000000000002,34.0,0.0,34.0,36.0
-0.0678,34.0,0.0,34.0,34.0
-0.06770000000000001,34.0,0.0,34.0,34.0
-0.06760000000000001,34.0,0.0,34.0,34.0
-0.0675,34.0,0.0,34.0,34.0
-0.06740000000000002,34.0,0.0,34.0,34.0
-0.0673,34.0,0.0,34.0,34.0
-0.06720000000000001,34.0,0.0,34.0,36.0
-0.0671,32.0,0.0,34.0,34.0
-0.067,34.0,-2.0,34.0,34.0
-0.06690000000000002,34.0,0.0,34.0,34.0
-0.0668,34.0,0.0,34.0,34.0
-0.06670000000000001,34.0,0.0,34.0,36.0
-0.0666,34.0,0.0,34.0,36.0
-0.0665,34.0,0.0,34.0,34.0
-0.06640000000000001,32.0,0.0,34.0,34.0
-0.06630000000000001,34.0,0.0,34.0,36.0
-0.06620000000000001,34.0,0.0,34.0,36.0
-0.0661,34.0,0.0,32.0,34.0
-0.066,34.0,0.0,34.0,36.0
-0.06590000000000001,34.0,0.0,34.0,34.0
-0.06580000000000001,34.0,0.0,34.0,36.0
-0.06570000000000001,34.0,0.0,34.0,34.0
-0.0656,34.0,0.0,34.0,34.0
-0.0655,34.0,0.0,34.0,34.0
-0.06540000000000001,34.0,0.0,34.0,34.0
-0.06530000000000001,34.0,0.0,34.0,36.0
-0.06520000000000001,34.0,0.0,36.0,34.0
-0.06510000000000002,34.0,0.0,34.0,34.0
-0.065,34.0,0.0,34.0,34.0
-0.06490000000000001,34.0,0.0,34.0,36.0
-0.06480000000000001,34.0,0.0,34.0,34.0
-0.06470000000000001,34.0,0.0,34.0,36.0
-0.06460000000000002,34.0,0.0,34.0,36.0
-0.0645,34.0,0.0,34.0,34.0
-0.06440000000000001,32.0,0.0,34.0,34.0
-0.06430000000000001,34.0,0.0,34.0,34.0
-0.06420000000000001,32.0,0.0,34.0,34.0
-0.06410000000000002,34.0,2.0,34.0,34.0
-0.064,34.0,0.0,34.0,34.0
-0.06390000000000001,34.0,0.0,34.0,36.0
-0.06380000000000001,34.0,0.0,34.0,34.0
-0.0637,34.0,0.0,34.0,34.0
-0.06360000000000002,34.0,0.0,34.0,34.0
-0.0635,32.0,0.0,34.0,34.0
-0.06340000000000001,34.0,0.0,34.0,34.0
-0.06330000000000001,34.0,0.0,34.0,34.0
-0.0632,34.0,0.0,34.0,34.0
-0.06310000000000002,0.0,0.0,34.0,34.0
-0.063,0.0,0.0,34.0,34.0
-0.06290000000000001,0.0,0.0,34.0,36.0
-0.06280000000000001,2.0,0.0,34.0,34.0
-0.0627,0.0,2.0,34.0,36.0
-0.0626,2.0,0.0,34.0,34.0
-0.06250000000000001,2.0,0.0,34.0,2.0
-0.06240000000000001,0.0,0.0,34.0,2.0
-0.06230000000000001,0.0,0.0,34.0,2.0
-0.062200000000000005,0.0,0.0,34.0,2.0
-0.0621,0.0,0.0,34.0,2.0
-0.06200000000000001,0.0,0.0,32.0,2.0
-0.06190000000000001,0.0,0.0,34.0,2.0
-0.06180000000000001,0.0,0.0,34.0,2.0
-0.061700000000000005,0.0,0.0,34.0,2.0
-0.0616,0.0,0.0,34.0,2.0
-0.06150000000000001,0.0,0.0,34.0,2.0
-0.06140000000000001,0.0,0.0,34.0,2.0
-0.06130000000000001,0.0,0.0,34.0,2.0
-0.061200000000000004,0.0,0.0,34.0,2.0
-0.0611,0.0,0.0,34.0,2.0
-0.06100000000000001,0.0,0.0,34.0,2.0
-0.06090000000000001,0.0,0.0,34.0,2.0
-0.06080000000000001,0.0,0.0,34.0,2.0
-0.060700000000000004,0.0,0.0,34.0,2.0
-0.060600000000000015,0.0,0.0,34.0,2.0
-0.06050000000000001,0.0,0.0,34.0,2.0
-0.06040000000000001,2.0,2.0,34.0,2.0
-0.060300000000000006,0.0,0.0,34.0,2.0
-0.060200000000000004,0.0,0.0,34.0,2.0
-0.060100000000000015,0.0,0.0,34.0,2.0
-0.06000000000000001,0.0,0.0,34.0,2.0
-0.05990000000000001,0.0,0.0,34.0,2.0
-0.059800000000000006,0.0,0.0,0.0,2.0
-0.0597,0.0,0.0,0.0,2.0
-0.059600000000000014,0.0,0.0,0.0,2.0
-0.05950000000000001,0.0,0.0,0.0,2.0
-0.05940000000000001,0.0,0.0,0.0,2.0
-0.059300000000000005,0.0,34.0,0.0,2.0
-0.0592,2.0,32.0,0.0,2.0
-0.059100000000000014,0.0,32.0,0.0,2.0
-0.05900000000000001,0.0,32.0,0.0,2.0
-0.05890000000000001,0.0,32.0,0.0,2.0
-0.058800000000000005,0.0,32.0,0.0,2.0
-0.0587,0.0,32.0,0.0,0.0
-0.05860000000000001,2.0,32.0,0.0,2.0
-0.05850000000000001,0.0,32.0,0.0,2.0
-0.05840000000000001,2.0,32.0,0.0,2.0
-0.058300000000000005,0.0,34.0,0.0,2.0
-0.0582,0.0,32.0,2.0,2.0
-0.05810000000000001,2.0,32.0,0.0,2.0
-0.05800000000000001,0.0,32.0,0.0,2.0
-0.05790000000000001,0.0,34.0,0.0,2.0
-0.057800000000000004,0.0,32.0,0.0,2.0
-0.0577,0.0,32.0,0.0,2.0
-0.05760000000000001,0.0,32.0,0.0,2.0
-0.05750000000000001,2.0,32.0,0.0,2.0
-0.05740000000000001,0.0,32.0,0.0,2.0
-0.057300000000000004,0.0,34.0,0.0,2.0
-0.057200000000000015,2.0,34.0,0.0,2.0
-0.05710000000000001,0.0,32.0,0.0,2.0
-0.05700000000000001,0.0,32.0,0.0,2.0
-0.056900000000000006,0.0,32.0,0.0,2.0
-0.0568,2.0,34.0,0.0,2.0
-0.056700000000000014,0.0,32.0,0.0,2.0
-0.05660000000000001,0.0,32.0,0.0,2.0
-0.05650000000000001,2.0,32.0,0.0,2.0
-0.056400000000000006,2.0,32.0,0.0,2.0
-0.0563,0.0,32.0,0.0,2.0
-0.056200000000000014,0.0,32.0,0.0,2.0
-0.05610000000000001,0.0,34.0,0.0,2.0
-0.05600000000000001,0.0,32.0,0.0,2.0
-0.055900000000000005,0.0,34.0,0.0,2.0
-0.0558,2.0,34.0,0.0,2.0
-0.05570000000000001,2.0,32.0,0.0,2.0
-0.05560000000000001,2.0,32.0,0.0,2.0
-0.05550000000000001,2.0,32.0,0.0,2.0
-0.055400000000000005,0.0,32.0,0.0,2.0
-0.0553,0.0,32.0,0.0,2.0
-0.05520000000000001,2.0,32.0,0.0,2.0
-0.05510000000000001,0.0,32.0,0.0,2.0
-0.05500000000000001,0.0,32.0,0.0,2.0
-0.054900000000000004,0.0,34.0,0.0,2.0
-0.0548,0.0,34.0,0.0,2.0
-0.05470000000000001,0.0,34.0,0.0,2.0
-0.05460000000000001,0.0,32.0,0.0,2.0
-0.05450000000000001,0.0,32.0,0.0,2.0
-0.054400000000000004,2.0,32.0,0.0,2.0
-0.054300000000000015,2.0,32.0,0.0,2.0
-0.05420000000000001,0.0,32.0,0.0,2.0
-0.05410000000000001,0.0,32.0,0.0,2.0
-0.054000000000000006,0.0,32.0,0.0,2.0
-0.0539,2.0,32.0,0.0,2.0
-0.053800000000000014,2.0,32.0,0.0,2.0
-0.05370000000000001,2.0,34.0,0.0,2.0
-0.05360000000000001,0.0,32.0,0.0,2.0
-0.053500000000000006,0.0,32.0,0.0,2.0
-0.0534,0.0,32.0,0.0,2.0
-0.053300000000000014,2.0,32.0,0.0,2.0
-0.05320000000000001,0.0,32.0,0.0,2.0
-0.05310000000000001,0.0,32.0,0.0,2.0
-0.053000000000000005,2.0,34.0,0.0,2.0
-0.0529,0.0,32.0,0.0,2.0
-0.052800000000000014,0.0,34.0,0.0,2.0
-0.05270000000000001,0.0,32.0,0.0,2.0
-0.05260000000000001,0.0,32.0,2.0,2.0
-0.052500000000000005,0.0,34.0,0.0,2.0
-0.0524,0.0,32.0,0.0,2.0
-0.05230000000000001,0.0,32.0,0.0,2.0
-0.05220000000000001,0.0,32.0,0.0,2.0
-0.05210000000000001,0.0,34.0,0.0,2.0
-0.052000000000000005,2.0,32.0,0.0,2.0
-0.0519,2.0,32.0,0.0,2.0
-0.05180000000000001,0.0,32.0,0.0,2.0
-0.05170000000000001,0.0,32.0,0.0,2.0
-0.05160000000000001,0.0,32.0,0.0,2.0
-0.051500000000000004,0.0,32.0,0.0,0.0
-0.0514,2.0,32.0,0.0,2.0
-0.05130000000000001,0.0,32.0,0.0,2.0
-0.05120000000000001,0.0,32.0,0.0,2.0
-0.051100000000000007,0.0,32.0,0.0,2.0
-0.051000000000000004,0.0,32.0,0.0,0.0
-0.050900000000000015,0.0,32.0,2.0,2.0
-0.05080000000000001,0.0,34.0,0.0,2.0
-0.05070000000000001,2.0,32.0,0.0,2.0
-0.050600000000000006,0.0,32.0,0.0,2.0
-0.0505,2.0,32.0,2.0,2.0
-0.050400000000000014,0.0,34.0,2.0,0.0
-0.05030000000000001,0.0,32.0,0.0,2.0
-0.05020000000000001,0.0,34.0,2.0,2.0
-0.050100000000000006,0.0,32.0,0.0,2.0
-0.05,0.0,34.0,0.0,2.0
-0.049900000000000014,0.0,32.0,0.0,2.0
-0.04980000000000001,0.0,34.0,0.0,2.0
-0.04970000000000001,0.0,32.0,0.0,0.0
-0.049600000000000005,2.0,34.0,0.0,2.0
-0.0495,2.0,32.0,0.0,2.0
-0.04940000000000001,0.0,32.0,0.0,0.0
-0.04930000000000001,0.0,32.0,0.0,2.0
-0.04920000000000001,0.0,34.0,0.0,2.0
-0.049100000000000005,0.0,32.0,0.0,2.0
-0.049,0.0,32.0,0.0,2.0
-0.04890000000000001,0.0,34.0,0.0,2.0
-0.04880000000000001,0.0,32.0,0.0,2.0
-0.04870000000000001,0.0,32.0,0.0,2.0
-0.048600000000000004,0.0,32.0,0.0,2.0
-0.0485,2.0,32.0,0.0,2.0
-0.04840000000000001,0.0,34.0,0.0,2.0
-0.04830000000000001,0.0,32.0,0.0,2.0
-0.04820000000000001,0.0,32.0,0.0,2.0
-0.048100000000000004,0.0,32.0,0.0,2.0
-0.048,0.0,32.0,0.0,0.0
-0.04790000000000001,0.0,32.0,0.0,2.0
-0.04780000000000001,0.0,32.0,0.0,0.0
-0.047700000000000006,0.0,32.0,0.0,2.0
-0.0476,2.0,32.0,0.0,2.0
-0.047500000000000014,2.0,0.0,0.0,2.0
-0.04740000000000001,0.0,0.0,0.0,2.0
-0.04730000000000001,0.0,0.0,0.0,2.0
-0.047200000000000006,0.0,0.0,0.0,2.0
-0.0471,0.0,0.0,0.0,2.0
-0.047000000000000014,0.0,0.0,0.0,2.0
-0.04690000000000001,0.0,0.0,0.0,2.0
-0.04680000000000001,0.0,0.0,0.0,2.0
-0.046700000000000005,34.0,0.0,0.0,2.0
-0.0466,34.0,0.0,0.0,2.0
-0.046500000000000014,32.0,0.0,0.0,2.0
-0.04640000000000001,34.0,0.0,0.0,2.0
-0.04630000000000001,34.0,0.0,0.0,2.0
-0.046200000000000005,34.0,0.0,0.0,2.0
-0.0461,34.0,0.0,0.0,2.0
-0.04600000000000001,34.0,0.0,0.0,2.0
-0.04590000000000001,34.0,0.0,0.0,2.0
-0.04580000000000001,34.0,0.0,0.0,2.0
-0.045700000000000005,32.0,0.0,0.0,2.0
-0.0456,34.0,0.0,0.0,2.0
-0.04550000000000001,34.0,0.0,0.0,2.0
-0.04540000000000001,34.0,0.0,0.0,2.0
-0.04530000000000001,34.0,2.0,2.0,2.0
-0.045200000000000004,34.0,0.0,0.0,2.0
-0.0451,34.0,0.0,0.0,2.0
-0.04500000000000001,34.0,0.0,0.0,2.0
-0.04490000000000001,34.0,0.0,0.0,2.0
-0.044800000000000006,34.0,0.0,0.0,2.0
-0.044700000000000004,34.0,0.0,0.0,2.0
-0.0446,34.0,0.0,0.0,2.0
-0.04450000000000001,34.0,0.0,0.0,0.0
-0.04440000000000001,34.0,0.0,0.0,2.0
-0.044300000000000006,34.0,0.0,0.0,0.0
-0.0442,34.0,0.0,0.0,0.0
-0.044100000000000014,34.0,0.0,0.0,2.0
-0.04400000000000001,34.0,0.0,0.0,2.0
-0.04390000000000001,34.0,0.0,0.0,2.0
-0.043800000000000006,34.0,0.0,0.0,2.0
-0.0437,34.0,0.0,0.0,2.0
-0.043600000000000014,34.0,0.0,0.0,2.0
-0.04350000000000001,34.0,0.0,0.0,2.0
-0.04340000000000001,34.0,0.0,0.0,0.0
-0.043300000000000005,34.0,0.0,2.0,2.0
-0.0432,34.0,0.0,0.0,2.0
-0.04310000000000001,32.0,0.0,0.0,2.0
-0.04300000000000001,34.0,0.0,0.0,2.0
-0.04290000000000001,34.0,0.0,0.0,2.0
-0.042800000000000005,34.0,0.0,0.0,2.0
-0.0427,34.0,0.0,0.0,2.0
-0.04260000000000001,34.0,0.0,0.0,2.0
-0.04250000000000001,34.0,0.0,0.0,2.0
-0.04240000000000001,34.0,0.0,0.0,2.0
-0.042300000000000004,34.0,0.0,0.0,2.0
-0.0422,34.0,0.0,0.0,2.0
-0.04210000000000001,34.0,0.0,0.0,2.0
-0.04200000000000001,34.0,0.0,0.0,2.0
-0.04190000000000001,34.0,0.0,0.0,2.0
-0.041800000000000004,34.0,0.0,34.0,2.0
-0.0417,34.0,0.0,34.0,2.0
-0.04160000000000001,34.0,0.0,34.0,2.0
-0.04150000000000001,34.0,0.0,34.0,2.0
-0.041400000000000006,34.0,0.0,34.0,2.0
-0.0413,34.0,0.0,34.0,2.0
-0.0412,34.0,0.0,34.0,36.0
-0.04110000000000001,34.0,0.0,34.0,34.0
-0.04100000000000001,34.0,0.0,34.0,34.0
-0.040900000000000006,34.0,0.0,34.0,34.0
-0.0408,34.0,0.0,36.0,34.0
-0.040700000000000014,34.0,0.0,34.0,34.0
-0.04060000000000001,34.0,0.0,34.0,34.0
-0.04050000000000001,34.0,0.0,34.0,34.0
-0.040400000000000005,34.0,0.0,34.0,34.0
-0.0403,34.0,0.0,34.0,34.0
-0.040200000000000014,34.0,0.0,34.0,34.0
-0.04010000000000001,34.0,0.0,34.0,34.0
-0.04000000000000001,34.0,2.0,34.0,34.0
-0.039900000000000005,34.0,0.0,34.0,34.0
-0.0398,34.0,0.0,34.0,34.0
-0.03970000000000001,34.0,0.0,34.0,34.0
-0.03960000000000001,34.0,0.0,34.0,36.0
-0.03950000000000001,34.0,0.0,34.0,34.0
-0.039400000000000004,34.0,0.0,34.0,34.0
-0.0393,34.0,0.0,34.0,36.0
-0.03920000000000001,34.0,0.0,34.0,34.0
-0.03910000000000001,34.0,2.0,34.0,34.0
-0.03900000000000001,34.0,0.0,34.0,34.0
-0.038900000000000004,32.0,0.0,34.0,34.0
-0.0388,34.0,0.0,34.0,36.0
-0.03870000000000001,34.0,0.0,34.0,34.0
-0.03860000000000001,34.0,0.0,34.0,34.0
-0.038500000000000006,34.0,0.0,34.0,34.0
-0.038400000000000004,34.0,0.0,34.0,36.0
-0.0383,34.0,0.0,34.0,34.0
-0.03820000000000001,32.0,0.0,34.0,34.0
-0.03810000000000001,34.0,0.0,34.0,34.0
-0.038000000000000006,34.0,0.0,32.0,34.0
-0.0379,34.0,0.0,34.0,34.0
-0.037800000000000014,34.0,0.0,34.0,36.0
-0.03770000000000001,34.0,0.0,34.0,34.0
-0.03760000000000001,34.0,0.0,34.0,36.0
-0.037500000000000006,32.0,0.0,34.0,36.0
-0.0374,34.0,0.0,34.0,34.0
-0.037300000000000014,34.0,0.0,34.0,34.0
-0.03720000000000001,34.0,0.0,34.0,34.0
-0.03710000000000001,34.0,0.0,34.0,34.0
-0.037000000000000005,34.0,0.0,34.0,36.0
-0.0369,34.0,0.0,34.0,34.0
-0.03680000000000001,34.0,0.0,34.0,34.0
-0.03670000000000001,34.0,0.0,34.0,34.0
-0.03660000000000001,34.0,0.0,34.0,34.0
-0.036500000000000005,34.0,0.0,34.0,34.0
-0.0364,34.0,0.0,34.0,34.0
-0.03630000000000001,34.0,0.0,34.0,36.0
-0.03620000000000001,34.0,0.0,34.0,34.0
-0.03610000000000001,34.0,0.0,34.0,34.0
-0.036000000000000004,34.0,0.0,34.0,34.0
-0.0359,32.0,0.0,34.0,34.0
-0.03580000000000001,34.0,0.0,34.0,34.0
-0.03570000000000001,34.0,0.0,34.0,34.0
-0.03560000000000001,34.0,0.0,34.0,34.0
-0.035500000000000004,34.0,0.0,34.0,36.0
-0.0354,34.0,0.0,34.0,36.0
-0.03530000000000001,34.0,0.0,34.0,34.0
-0.03520000000000001,34.0,0.0,34.0,34.0
-0.035100000000000006,34.0,0.0,34.0,34.0
-0.035,34.0,0.0,34.0,36.0
-0.0349,34.0,0.0,34.0,34.0
-0.03480000000000001,34.0,0.0,34.0,36.0
-0.03470000000000001,34.0,0.0,34.0,34.0
-0.034600000000000006,34.0,0.0,34.0,34.0
-0.0345,34.0,2.0,34.0,34.0
-0.034400000000000014,34.0,0.0,34.0,34.0
-0.03430000000000001,34.0,0.0,34.0,34.0
-0.03420000000000001,32.0,0.0,34.0,36.0
-0.034100000000000005,34.0,0.0,34.0,34.0
-0.034,34.0,0.0,34.0,36.0
-0.03390000000000001,34.0,0.0,34.0,34.0
-0.03380000000000001,34.0,2.0,34.0,34.0
-0.03370000000000001,34.0,0.0,34.0,34.0
-0.033600000000000005,34.0,0.0,34.0,34.0
-0.0335,34.0,0.0,34.0,34.0
-0.03340000000000001,34.0,0.0,34.0,34.0
-0.03330000000000001,34.0,0.0,34.0,34.0
-0.03320000000000001,34.0,0.0,34.0,36.0
-0.033100000000000004,34.0,0.0,34.0,34.0
-0.033,34.0,0.0,34.0,34.0
-0.03290000000000001,34.0,0.0,34.0,34.0
-0.03280000000000001,34.0,0.0,34.0,34.0
-0.03270000000000001,34.0,0.0,34.0,34.0
-0.032600000000000004,34.0,0.0,34.0,34.0
-0.0325,34.0,0.0,34.0,36.0
-0.03240000000000001,34.0,0.0,34.0,34.0
-0.03230000000000001,34.0,0.0,34.0,36.0
-0.032200000000000006,34.0,0.0,34.0,34.0
-0.032100000000000004,34.0,0.0,34.0,34.0
-0.032,34.0,0.0,34.0,34.0
-0.03190000000000001,34.0,0.0,34.0,34.0
-0.03180000000000001,34.0,0.0,34.0,36.0
-0.031700000000000006,34.0,0.0,34.0,34.0
-0.0316,34.0,0.0,34.0,34.0
-0.0315,34.0,0.0,34.0,34.0
-0.03140000000000001,34.0,0.0,34.0,34.0
-0.03130000000000001,32.0,0.0,34.0,34.0
-0.031200000000000006,34.0,0.0,34.0,34.0
-0.031100000000000003,34.0,0.0,34.0,34.0
-0.031000000000000014,34.0,0.0,34.0,36.0
-0.03090000000000001,34.0,0.0,34.0,34.0
-0.030800000000000008,34.0,0.0,34.0,36.0
-0.030700000000000005,34.0,0.0,34.0,36.0
-0.030600000000000002,34.0,2.0,34.0,34.0
-0.030500000000000013,34.0,0.0,34.0,34.0
-0.03040000000000001,34.0,0.0,34.0,36.0
-0.030300000000000007,34.0,0.0,34.0,34.0
-0.030200000000000005,34.0,0.0,34.0,36.0
-0.030100000000000002,34.0,0.0,34.0,34.0
-0.030000000000000013,34.0,0.0,34.0,34.0
-0.02990000000000001,34.0,0.0,34.0,36.0
-0.029800000000000007,34.0,0.0,34.0,36.0
-0.029700000000000004,34.0,0.0,34.0,36.0
-0.0296,34.0,0.0,34.0,34.0
-0.029500000000000012,34.0,0.0,34.0,34.0
-0.02940000000000001,32.0,0.0,34.0,34.0
-0.029300000000000007,34.0,0.0,34.0,34.0
-0.029200000000000004,34.0,0.0,34.0,34.0
-0.0291,34.0,0.0,34.0,36.0
-0.029000000000000012,34.0,0.0,34.0,36.0
-0.02890000000000001,34.0,0.0,34.0,36.0
-0.028800000000000006,34.0,0.0,34.0,36.0
-0.028700000000000003,34.0,0.0,34.0,36.0
-0.0286,34.0,0.0,34.0,34.0
-0.02850000000000001,34.0,0.0,34.0,34.0
-0.02840000000000001,34.0,0.0,34.0,34.0
-0.028300000000000006,34.0,0.0,34.0,34.0
-0.028200000000000003,32.0,0.0,34.0,34.0
-0.0281,34.0,0.0,34.0,34.0
-0.02800000000000001,34.0,0.0,34.0,36.0
-0.027900000000000008,34.0,0.0,34.0,34.0
-0.027800000000000005,34.0,0.0,34.0,34.0
-0.027700000000000002,34.0,0.0,34.0,34.0
-0.027600000000000013,0.0,0.0,34.0,34.0
-0.02750000000000001,0.0,0.0,34.0,34.0
-0.027400000000000008,0.0,0.0,34.0,34.0
-0.027300000000000005,0.0,0.0,34.0,34.0
-0.027200000000000002,0.0,0.0,34.0,34.0
-0.027100000000000013,0.0,0.0,34.0,2.0
-0.02700000000000001,0.0,0.0,34.0,2.0
-0.026900000000000007,2.0,0.0,34.0,2.0
-0.026800000000000004,0.0,0.0,34.0,2.0
-0.0267,0.0,0.0,34.0,2.0
-0.026600000000000013,0.0,0.0,34.0,2.0
-0.02650000000000001,0.0,0.0,34.0,2.0
-0.026400000000000007,0.0,0.0,34.0,2.0
-0.026300000000000004,0.0,0.0,34.0,2.0
-0.0262,0.0,0.0,34.0,2.0
-0.026100000000000012,0.0,0.0,34.0,2.0
-0.02600000000000001,0.0,0.0,32.0,2.0
-0.025900000000000006,0.0,0.0,34.0,2.0
-0.025800000000000003,0.0,0.0,34.0,2.0
-0.0257,0.0,0.0,34.0,2.0
-0.02560000000000001,0.0,0.0,34.0,2.0
-0.02550000000000001,0.0,0.0,34.0,2.0
-0.025400000000000006,0.0,0.0,36.0,0.0
-0.025300000000000003,0.0,0.0,34.0,2.0
-0.0252,0.0,0.0,34.0,2.0
-0.02510000000000001,0.0,0.0,34.0,2.0
-0.02500000000000001,0.0,0.0,34.0,0.0
-0.024900000000000005,0.0,0.0,34.0,2.0
-0.024800000000000003,0.0,0.0,34.0,2.0
-0.0247,0.0,0.0,34.0,2.0
-0.02460000000000001,0.0,0.0,34.0,2.0
-0.024500000000000008,0.0,0.0,34.0,2.0
-0.024400000000000005,0.0,0.0,34.0,2.0
-0.024300000000000002,0.0,0.0,34.0,2.0
-0.024200000000000013,0.0,0.0,34.0,2.0
-0.02410000000000001,0.0,0.0,34.0,2.0
-0.024000000000000007,0.0,0.0,34.0,2.0
-0.023900000000000005,0.0,0.0,34.0,2.0
-0.0238,0.0,0.0,34.0,2.0
-0.023700000000000013,0.0,0.0,34.0,2.0
-0.02360000000000001,0.0,0.0,34.0,2.0
-0.023500000000000007,0.0,0.0,0.0,2.0
-0.023400000000000004,0.0,0.0,0.0,2.0
-0.0233,0.0,0.0,0.0,2.0
-0.023200000000000012,0.0,0.0,2.0,2.0
-0.02310000000000001,0.0,0.0,0.0,2.0
-0.023000000000000007,0.0,0.0,0.0,0.0
-0.022900000000000004,0.0,0.0,0.0,2.0
-0.0228,0.0,0.0,0.0,2.0
-0.022700000000000012,0.0,0.0,0.0,2.0
-0.02260000000000001,0.0,0.0,0.0,2.0
-0.022500000000000006,0.0,0.0,0.0,2.0
-0.022400000000000003,0.0,0.0,0.0,2.0
-0.0223,0.0,0.0,0.0,2.0
-0.02220000000000001,2.0,0.0,0.0,2.0
-0.02210000000000001,0.0,32.0,0.0,2.0
-0.022000000000000006,0.0,32.0,0.0,2.0
-0.021900000000000003,2.0,32.0,0.0,2.0
-0.0218,0.0,32.0,0.0,2.0
-0.02170000000000001,0.0,32.0,0.0,2.0
-0.021600000000000008,2.0,34.0,0.0,2.0
-0.021500000000000005,2.0,32.0,0.0,2.0
-0.021400000000000002,0.0,32.0,0.0,2.0
-0.021300000000000013,2.0,34.0,0.0,2.0
-0.02120000000000001,0.0,32.0,0.0,0.0
-0.021100000000000008,0.0,34.0,0.0,2.0
-0.021000000000000005,0.0,34.0,0.0,2.0
-0.020900000000000002,2.0,32.0,0.0,2.0
-0.020800000000000013,0.0,32.0,0.0,2.0
-0.02070000000000001,0.0,32.0,0.0,2.0
-0.020600000000000007,2.0,32.0,0.0,2.0
-0.020500000000000004,2.0,34.0,0.0,0.0
-0.0204,0.0,34.0,0.0,2.0
-0.020300000000000012,2.0,32.0,0.0,2.0
-0.02020000000000001,2.0,34.0,0.0,2.0
-0.020100000000000007,0.0,34.0,0.0,2.0
-0.020000000000000004,0.0,32.0,0.0,2.0
-0.0199,2.0,32.0,0.0,2.0
-0.019800000000000012,0.0,32.0,0.0,2.0
-0.01970000000000001,0.0,34.0,0.0,2.0
-0.019600000000000006,0.0,34.0,0.0,2.0
-0.019500000000000003,0.0,32.0,0.0,2.0
-0.0194,0.0,32.0,0.0,0.0
-0.01930000000000001,0.0,32.0,0.0,2.0
-0.01920000000000001,2.0,32.0,2.0,2.0
-0.019100000000000006,0.0,34.0,0.0,2.0
-0.019000000000000003,0.0,32.0,0.0,2.0
-0.0189,0.0,32.0,0.0,2.0
-0.01880000000000001,0.0,32.0,0.0,2.0
-0.01870000000000001,0.0,32.0,0.0,2.0
-0.018600000000000005,0.0,32.0,0.0,2.0
-0.018500000000000003,2.0,32.0,0.0,2.0
-0.0184,0.0,32.0,0.0,2.0
-0.01830000000000001,0.0,32.0,0.0,2.0
-0.018200000000000008,0.0,34.0,0.0,2.0
-0.018100000000000005,0.0,34.0,0.0,0.0
-0.018000000000000002,0.0,32.0,0.0,2.0
-0.017900000000000013,0.0,32.0,0.0,2.0
-0.01780000000000001,0.0,32.0,0.0,0.0
-0.017700000000000007,0.0,32.0,0.0,2.0
-0.017600000000000005,2.0,32.0,0.0,2.0
-0.0175,0.0,32.0,0.0,0.0
-0.017400000000000013,0.0,32.0,0.0,2.0
-0.01730000000000001,0.0,32.0,0.0,0.0
-0.017200000000000007,0.0,32.0,0.0,2.0
-0.017100000000000004,0.0,32.0,0.0,2.0
-0.017,0.0,32.0,0.0,2.0
-0.016900000000000012,0.0,32.0,0.0,2.0
-0.01680000000000001,0.0,32.0,0.0,2.0
-0.016700000000000007,0.0,32.0,0.0,2.0
-0.016600000000000004,0.0,32.0,0.0,2.0
-0.0165,2.0,32.0,0.0,2.0
-0.016400000000000012,0.0,32.0,0.0,2.0
-0.01630000000000001,0.0,32.0,0.0,2.0
-0.016200000000000006,0.0,34.0,0.0,0.0
-0.016100000000000003,0.0,34.0,0.0,0.0
-0.016,2.0,34.0,0.0,2.0
-0.01590000000000001,2.0,32.0,0.0,2.0
-0.01580000000000001,0.0,32.0,0.0,2.0
-0.015700000000000006,2.0,32.0,0.0,2.0
-0.015600000000000003,0.0,32.0,0.0,2.0
-0.0155,0.0,34.0,0.0,2.0
-0.015400000000000011,0.0,32.0,0.0,2.0
-0.015300000000000008,0.0,32.0,0.0,2.0
-0.015200000000000005,0.0,32.0,0.0,2.0
-0.015100000000000002,0.0,34.0,0.0,2.0
-0.015,0.0,34.0,0.0,2.0
-0.01490000000000001,0.0,32.0,0.0,2.0
-0.014800000000000008,0.0,32.0,0.0,2.0
-0.014700000000000005,0.0,32.0,0.0,2.0
-0.014600000000000002,0.0,32.0,0.0,2.0
-0.014500000000000013,0.0,32.0,0.0,0.0
-0.01440000000000001,2.0,32.0,0.0,2.0
-0.014300000000000007,0.0,32.0,0.0,0.0
-0.014200000000000004,0.0,34.0,0.0,0.0
-0.014100000000000001,2.0,32.0,0.0,2.0
-0.014000000000000012,2.0,32.0,0.0,2.0
-0.01390000000000001,0.0,32.0,0.0,2.0
-0.013800000000000007,2.0,32.0,0.0,2.0
-0.013700000000000004,0.0,32.0,0.0,0.0
-0.013600000000000001,2.0,32.0,0.0,2.0
-0.013500000000000012,0.0,34.0,0.0,2.0
-0.013400000000000009,2.0,32.0,0.0,2.0
-0.013300000000000006,0.0,32.0,0.0,2.0
-0.013200000000000003,2.0,32.0,0.0,2.0
-0.0131,0.0,32.0,0.0,2.0
-0.013000000000000012,2.0,32.0,0.0,2.0
-0.012900000000000009,2.0,32.0,0.0,2.0
-0.012800000000000006,0.0,32.0,0.0,2.0
-0.012700000000000003,0.0,32.0,0.0,2.0
-0.0126,0.0,32.0,0.0,2.0
-0.012500000000000011,0.0,32.0,0.0,2.0
-0.012400000000000008,0.0,32.0,0.0,2.0
-0.012300000000000005,0.0,32.0,0.0,2.0
-0.012200000000000003,0.0,34.0,0.0,2.0
-0.0121,0.0,32.0,0.0,2.0
-0.01200000000000001,2.0,32.0,0.0,0.0
-0.011900000000000008,0.0,32.0,0.0,2.0
-0.011800000000000005,0.0,34.0,0.0,2.0
-0.011700000000000002,0.0,34.0,0.0,0.0
-0.0116,0.0,32.0,0.0,2.0
-0.01150000000000001,0.0,32.0,0.0,2.0
-0.011400000000000007,0.0,0.0,0.0,2.0
-0.011300000000000004,0.0,0.0,0.0,2.0
-0.011200000000000002,0.0,0.0,0.0,2.0
-0.011100000000000013,0.0,0.0,0.0,0.0
-0.01100000000000001,0.0,0.0,0.0,2.0
-0.010900000000000007,34.0,0.0,2.0,2.0
-0.010800000000000004,34.0,0.0,0.0,2.0
-0.010700000000000001,34.0,0.0,2.0,2.0
-0.010600000000000012,34.0,0.0,0.0,2.0
-0.01050000000000001,34.0,0.0,0.0,2.0
-0.010400000000000006,34.0,0.0,0.0,2.0
-0.010300000000000004,34.0,0.0,0.0,2.0
-0.0102,32.0,0.0,0.0,2.0
-0.010100000000000012,34.0,0.0,0.0,2.0
-0.010000000000000009,34.0,0.0,2.0,0.0
-0.009900000000000006,34.0,0.0,0.0,2.0
-0.009800000000000003,34.0,0.0,0.0,2.0
-0.0097,34.0,0.0,0.0,2.0
-0.009600000000000011,34.0,0.0,0.0,2.0
-0.009500000000000008,34.0,0.0,0.0,0.0
-0.009400000000000006,34.0,0.0,0.0,2.0
-0.009300000000000003,34.0,0.0,0.0,2.0
-0.0092,34.0,0.0,0.0,2.0
-0.00910000000000001,34.0,0.0,0.0,2.0
-0.009000000000000008,34.0,0.0,0.0,2.0
-0.008900000000000005,34.0,0.0,0.0,0.0
-0.008800000000000002,34.0,0.0,0.0,2.0
-0.0087,34.0,0.0,0.0,2.0
-0.00860000000000001,34.0,0.0,0.0,2.0
-0.008500000000000008,34.0,0.0,0.0,2.0
-0.008400000000000005,34.0,0.0,0.0,2.0
-0.008300000000000002,34.0,0.0,0.0,2.0
-0.008199999999999999,34.0,0.0,0.0,0.0
-0.00810000000000001,34.0,0.0,0.0,2.0
-0.008000000000000007,34.0,0.0,0.0,2.0
-0.007900000000000004,34.0,0.0,0.0,2.0
-0.007800000000000001,34.0,0.0,0.0,2.0
-0.007700000000000012,34.0,0.0,0.0,2.0
-0.0076000000000000095,34.0,0.0,0.0,2.0
-0.007500000000000007,32.0,0.0,0.0,2.0
-0.007400000000000004,34.0,0.0,2.0,2.0
-0.007300000000000001,34.0,0.0,0.0,2.0
-0.007200000000000012,34.0,0.0,0.0,2.0
-0.007100000000000009,34.0,0.0,0.0,2.0
-0.007000000000000006,34.0,0.0,0.0,2.0
-0.006900000000000003,34.0,0.0,0.0,2.0
-0.0068000000000000005,34.0,0.0,0.0,2.0
-0.0067000000000000115,34.0,0.0,0.0,2.0
-0.006600000000000009,34.0,0.0,0.0,0.0
-0.006500000000000006,34.0,0.0,0.0,2.0
-0.006400000000000003,32.0,0.0,0.0,2.0
-0.0063,34.0,0.0,0.0,2.0
-0.006200000000000011,34.0,0.0,0.0,2.0
-0.006100000000000008,34.0,0.0,2.0,2.0
-0.006000000000000005,34.0,0.0,0.0,2.0
-0.0059000000000000025,34.0,0.0,0.0,2.0
-0.0058,34.0,2.0,2.0,2.0
-0.005700000000000011,34.0,0.0,0.0,2.0
-0.005600000000000008,34.0,0.0,34.0,2.0
-0.005500000000000005,32.0,0.0,34.0,2.0
-0.005400000000000002,34.0,0.0,34.0,2.0
-0.005299999999999999,34.0,0.0,34.0,2.0
-0.00520000000000001,34.0,0.0,34.0,34.0
-0.005100000000000007,34.0,0.0,34.0,34.0
-0.0050000000000000044,34.0,0.0,34.0,34.0
-0.004900000000000002,32.0,0.0,34.0,36.0
-0.004800000000000013,34.0,0.0,34.0,34.0
-0.00470000000000001,34.0,0.0,34.0,34.0
-0.004600000000000007,34.0,0.0,34.0,34.0
-0.004500000000000004,34.0,0.0,34.0,36.0
-0.004400000000000001,34.0,0.0,34.0,34.0
-0.004300000000000012,34.0,0.0,34.0,34.0
-0.004200000000000009,34.0,0.0,34.0,34.0
-0.004100000000000006,34.0,0.0,34.0,34.0
-0.0040000000000000036,34.0,0.0,34.0,34.0
-0.0039000000000000007,34.0,0.0,34.0,34.0
-0.0038000000000000117,32.0,0.0,34.0,34.0
-0.003700000000000009,34.0,0.0,34.0,34.0
-0.003600000000000006,34.0,0.0,34.0,34.0
-0.003500000000000003,34.0,0.0,34.0,34.0
-0.0034000000000000002,34.0,0.0,34.0,34.0
-0.0033000000000000113,34.0,0.0,34.0,34.0
-0.0032000000000000084,34.0,0.0,34.0,36.0
-0.0031000000000000055,34.0,0.0,34.0,34.0
-0.0030000000000000027,34.0,0.0,34.0,34.0
-0.0029,34.0,0.0,34.0,34.0
-0.002800000000000011,34.0,0.0,34.0,34.0
-0.002700000000000008,34.0,0.0,34.0,34.0
-0.002600000000000005,34.0,0.0,34.0,34.0
-0.0025000000000000022,32.0,0.0,34.0,36.0
-0.0023999999999999994,34.0,0.0,34.0,34.0
-0.0023000000000000104,34.0,0.0,34.0,34.0
-0.0022000000000000075,34.0,0.0,34.0,34.0
-0.0021000000000000046,34.0,2.0,34.0,34.0
-0.0020000000000000018,34.0,0.0,34.0,34.0
-0.001899999999999999,34.0,0.0,34.0,34.0
-0.00180000000000001,34.0,0.0,34.0,34.0
-0.001700000000000007,34.0,0.0,34.0,36.0
-0.0016000000000000042,34.0,0.0,34.0,34.0
-0.0015000000000000013,34.0,0.0,34.0,34.0
-0.0014000000000000123,34.0,0.0,34.0,34.0
-0.0013000000000000095,34.0,0.0,34.0,34.0
-0.0012000000000000066,34.0,0.0,34.0,36.0
-0.0011000000000000038,34.0,0.0,32.0,36.0
-0.0010000000000000009,34.0,0.0,34.0,34.0
-0.0009000000000000119,34.0,0.0,34.0,34.0
-0.000800000000000009,34.0,0.0,34.0,34.0
-0.0007000000000000062,34.0,0.0,34.0,34.0
-0.0006000000000000033,34.0,0.0,34.0,34.0
-0.0005000000000000004,34.0,0.0,34.0,34.0
-0.00040000000000001146,34.0,0.0,34.0,34.0
-0.0002999999999999947,34.0,0.0,34.0,34.0
-0.00020000000000000573,34.0,2.0,34.0,34.0
-0.00010000000000001674,34.0,0.0,34.0,36.0
0.0,34.0,0.0,34.0,34.0
9.999999999998899e-05,34.0,0.0,34.0,34.0
0.00020000000000000573,32.0,0.0,34.0,34.0
0.0002999999999999947,34.0,0.0,34.0,34.0
0.0003999999999999837,34.0,0.0,34.0,36.0
0.0005000000000000004,34.0,0.0,34.0,36.0
0.0005999999999999894,34.0,0.0,34.0,34.0
0.0007000000000000062,34.0,0.0,34.0,34.0
0.0007999999999999952,34.0,0.0,34.0,34.0
0.0008999999999999841,34.0,0.0,34.0,34.0
0.0010000000000000009,34.0,0.0,34.0,36.0
0.0010999999999999899,34.0,0.0,34.0,34.0
0.0012000000000000066,34.0,0.0,34.0,34.0
0.0012999999999999956,34.0,0.0,34.0,34.0
0.0013999999999999846,34.0,0.0,34.0,34.0
0.0015000000000000013,34.0,0.0,34.0,34.0
0.0015999999999999903,34.0,0.0,34.0,34.0
0.001700000000000007,34.0,2.0,34.0,34.0
0.001799999999999996,34.0,0.0,34.0,36.0
0.001899999999999985,34.0,0.0,34.0,34.0
0.0020000000000000018,34.0,0.0,34.0,34.0
0.0020999999999999908,34.0,0.0,36.0,34.0
0.0022000000000000075,34.0,0.0,34.0,34.0
0.0022999999999999965,34.0,0.0,34.0,34.0
0.0023999999999999855,34.0,0.0,34.0,34.0
0.0025000000000000022,34.0,0.0,34.0,34.0
0.002599999999999991,34.0,0.0,34.0,36.0
0.002700000000000008,34.0,0.0,34.0,34.0
0.002799999999999997,34.0,0.0,34.0,34.0
0.002899999999999986,34.0,0.0,34.0,34.0
0.0030000000000000027,34.0,0.0,34.0,34.0
0.0030999999999999917,32.0,0.0,34.0,34.0
0.0032000000000000084,34.0,0.0,36.0,34.0
0.0032999999999999974,34.0,0.0,34.0,34.0
0.0033999999999999864,34.0,0.0,34.0,34.0
0.003500000000000003,34.0,0.0,34.0,34.0
0.003599999999999992,34.0,0.0,34.0,34.0
0.003699999999999981,34.0,0.0,34.0,34.0
0.003799999999999998,34.0,0.0,34.0,34.0
0.003899999999999987,32.0,0.0,34.0,34.0
0.0040000000000000036,34.0,0.0,34.0,34.0
0.0040999999999999925,34.0,0.0,34.0,34.0
0.0041999999999999815,34.0,0.0,36.0,34.0
0.004299999999999998,34.0,0.0,34.0,34.0
0.004399999999999987,34.0,0.0,34.0,34.0
0.004500000000000004,34.0,0.0,34.0,34.0
0.004599999999999993,34.0,0.0,34.0,34.0
0.004699999999999982,34.0,0.0,34.0,34.0
0.004799999999999999,34.0,0.0,34.0,34.0
0.004899999999999988,34.0,0.0,34.0,34.0
0.0050000000000000044,34.0,0.0,34.0,34.0
0.005099999999999993,34.0,0.0,36.0,34.0
0.005199999999999982,34.0,0.0,34.0,36.0
0.005299999999999999,34.0,0.0,34.0,34.0
0.005399999999999988,34.0,0.0,34.0,34.0
0.005500000000000005,34.0,0.0,34.0,34.0
0.005599999999999994,34.0,0.0,34.0,34.0
0.005699999999999983,34.0,0.0,34.0,34.0
0.0058,34.0,0.0,34.0,34.0
0.005899999999999989,34.0,0.0,34.0,34.0
0.006000000000000005,34.0,0.0,34.0,34.0
0.006099999999999994,34.0,0.0,34.0,34.0
0.006199999999999983,34.0,0.0,34.0,36.0
0.0063,34.0,0.0,34.0,36.0
0.006399999999999989,32.0,0.0,34.0,34.0
0.006500000000000006,32.0,2.0,34.0,34.0
0.006599999999999995,34.0,0.0,34.0,34.0
0.006699999999999984,34.0,0.0,34.0,34.0
0.0068000000000000005,34.0,0.0,34.0,36.0
0.0068999999999999895,34.0,0.0,34.0,34.0
0.007000000000000006,34.0,0.0,34.0,34.0
0.007099999999999995,34.0,0.0,34.0,34.0
0.007199999999999984,34.0,0.0,34.0,34.0
0.007300000000000001,32.0,0.0,34.0,34.0
0.00739999999999999,32.0,0.0,34.0,34.0
0.007500000000000007,34.0,0.0,34.0,34.0
0.007599999999999996,34.0,0.0,34.0,34.0
0.007699999999999985,34.0,0.0,34.0,36.0
0.007800000000000001,34.0,0.0,34.0,34.0
0.00789999999999999,34.0,0.0,34.0,34.0
0.008000000000000007,34.0,0.0,34.0,34.0
0.008099999999999996,34.0,0.0,34.0,34.0
0.008199999999999985,34.0,0.0,34.0,34.0
0.008300000000000002,34.0,2.0,34.0,34.0
0.00839999999999999,0.0,0.0,34.0,34.0
0.008500000000000008,0.0,0.0,34.0,34.0
0.008599999999999997,0.0,0.0,34.0,34.0
0.008699999999999986,0.0,0.0,34.0,34.0
0.008800000000000002,0.0,0.0,34.0,36.0
0.008899999999999991,0.0,0.0,34.0,36.0
0.009000000000000008,0.0,0.0,34.0,2.0
0.009099999999999997,0.0,0.0,34.0,2.0
0.009199999999999986,2.0,0.0,34.0,2.0
0.009300000000000003,0.0,0.0,34.0,2.0
0.009399999999999992,0.0,0.0,34.0,2.0
0.009500000000000008,0.0,0.0,34.0,2.0
0.009599999999999997,2.0,0.0,34.0,2.0
0.009699999999999986,0.0,0.0,34.0,2.0
0.009800000000000003,0.0,0.0,34.0,2.0
0.009899999999999992,0.0,0.0,34.0,0.0
0.010000000000000009,0.0,0.0,34.0,2.0
0.010099999999999998,0.0,0.0,34.0,2.0
0.010199999999999987,0.0,0.0,34.0,2.0
0.010300000000000004,0.0,0.0,34.0,2.0
0.010399999999999993,0.0,0.0,34.0,2.0
0.010499999999999982,0.0,0.0,34.0,0.0
0.010599999999999998,0.0,0.0,34.0,2.0
0.010699999999999987,0.0,0.0,34.0,2.0
0.010800000000000004,0.0,0.0,34.0,2.0
0.010899999999999993,0.0,0.0,34.0,2.0
0.010999999999999982,0.0,0.0,34.0,2.0
0.011099999999999999,0.0,0.0,36.0,2.0
0.011199999999999988,0.0,0.0,34.0,2.0
0.011300000000000004,0.0,0.0,34.0,2.0
0.011399999999999993,0.0,0.0,34.0,2.0
0.011499999999999982,0.0,0.0,34.0,2.0
0.0116,0.0,0.0,34.0,2.0
0.011699999999999988,0.0,0.0,34.0,2.0
0.011800000000000005,0.0,0.0,34.0,2.0
0.011899999999999994,2.0,0.0,34.0,2.0
0.011999999999999983,0.0,0.0,34.0,2.0
0.0121,0.0,0.0,0.0,2.0
0.012199999999999989,0.0,0.0,0.0,2.0
0.012300000000000005,0.0,0.0,0.0,2.0
0.012399999999999994,2.0,0.0,0.0,2.0
0.012499999999999983,0.0,0.0,0.0,0.0
0.0126,0.0,2.0,0.0,2.0
0.012699999999999989,0.0,0.0,0.0,2.0
0.012800000000000006,0.0,0.0,0.0,2.0
0.012899999999999995,0.0,34.0,0.0,2.0
0.012999999999999984,0.0,32.0,0.0,2.0
0.0131,2.0,32.0,0.0,2.0
0.01319999999999999,2.0,32.0,0.0,2.0
0.013300000000000006,0.0,32.0,0.0,2.0
0.013399999999999995,2.0,32.0,0.0,2.0
0.013499999999999984,0.0,32.0,0.0,2.0
0.013600000000000001,0.0,32.0,0.0,2.0
0.01369999999999999,2.0,32.0,0.0,2.0
0.013800000000000007,0.0,32.0,0.0,2.0
0.013899999999999996,2.0,32.0,0.0,2.0
0.013999999999999985,0.0,32.0,0.0,2.0
0.014100000000000001,2.0,32.0,0.0,2.0
0.01419999999999999,0.0,32.0,0.0,2.0
0.014300000000000007,0.0,32.0,0.0,2.0
0.014399999999999996,2.0,32.0,0.0,2.0
0.014499999999999985,2.0,32.0,0.0,2.0
0.014600000000000002,2.0,32.0,0.0,2.0
0.01469999999999999,0.0,32.0,0.0,2.0
0.014800000000000008,0.0,32.0,0.0,2.0
0.014899999999999997,0.0,32.0,0.0,0.0
0.014999999999999986,0.0,32.0,0.0,2.0
0.015100000000000002,0.0,32.0,0.0,2.0
0.015199999999999991,0.0,32.0,0.0,2.0
0.015300000000000008,2.0,32.0,0.0,2.0
0.015399999999999997,0.0,32.0,2.0,2.0
0.015499999999999986,0.0,32.0,0.0,2.0
0.015600000000000003,2.0,32.0,0.0,2.0
0.015699999999999992,0.0,32.0,0.0,2.0
0.01580000000000001,0.0,32.0,0.0,2.0
0.015899999999999997,2.0,34.0,0.0,2.0
0.015999999999999986,0.0,32.0,0.0,2.0
0.016100000000000003,0.0,32.0,0.0,2.0
0.016199999999999992,2.0,32.0,0.0,2.0
0.01630000000000001,0.0,34.0,0.0,2.0
0.016399999999999998,0.0,34.0,0.0,2.0
0.016499999999999987,0.0,34.0,0.0,2.0
0.016600000000000004,2.0,34.0,0.0,2.0
0.016699999999999993,0.0,32.0,0.0,2.0
0.01679999999999998,2.0,32.0,0.0,2.0
0.0169,0.0,32.0,0.0,2.0
0.016999999999999987,0.0,32.0,0.0,2.0
0.017100000000000004,0.0,32.0,0.0,2.0
0.017199999999999993,0.0,32.0,0.0,2.0
0.017299999999999982,0.0,32.0,0.0,2.0
0.0174,0.0,32.0,0.0,2.0
0.017499999999999988,2.0,32.0,0.0,2.0
0.017600000000000005,0.0,32.0,0.0,2.0
0.017699999999999994,2.0,32.0,0.0,2.0
0.017799999999999983,0.0,32.0,0.0,2.0
0.0179,2.0,32.0,0.0,2.0
0.017999999999999988,0.0,32.0,0.0,2.0
0.018100000000000005,0.0,32.0,0.0,2.0
0.018199999999999994,0.0,32.0,0.0,2.0
0.018299999999999983,0.0,32.0,0.0,2.0
0.0184,0.0,32.0,0.0,2.0
0.01849999999999999,0.0,34.0,0.0,2.0
0.018600000000000005,0.0,32.0,0.0,2.0
0.018699999999999994,2.0,34.0,0.0,2.0
0.018799999999999983,0.0,32.0,0.0,2.0
0.0189,0.0,32.0,0.0,2.0
0.01899999999999999,0.0,32.0,0.0,2.0
0.019100000000000006,0.0,32.0,2.0,2.0
0.019199999999999995,0.0,32.0,0.0,2.0
0.019299999999999984,2.0,32.0,0.0,2.0
0.0194,0.0,32.0,0.0,2.0
0.01949999999999999,0.0,32.0,0.0,0.0
0.019600000000000006,0.0,32.0,0.0,2.0
0.019699999999999995,2.0,32.0,0.0,2.0
0.019799999999999984,0.0,32.0,0.0,2.0
0.0199,2.0,32.0,0.0,2.0
0.01999999999999999,0.0,32.0,0.0,0.0
0.020100000000000007,0.0,32.0,0.0,2.0
0.020199999999999996,0.0,32.0,0.0,2.0
0.020299999999999985,0.0,32.0,0.0,2.0
0.0204,0.0,32.0,0.0,2.0
0.02049999999999999,0.0,32.0,0.0,2.0
0.020600000000000007,0.0,32.0,0.0,2.0
0.020699999999999996,0.0,32.0,0.0,2.0
0.020799999999999985,0.0,32.0,0.0,2.0
0.020900000000000002,0.0,32.0,0.0,2.0
0.02099999999999999,0.0,32.0,0.0,2.0
0.021100000000000008,2.0,32.0,0.0,2.0
0.021199999999999997,0.0,32.0,0.0,2.0
0.021299999999999986,0.0,32.0,0.0,2.0
0.021400000000000002,0.0,32.0,0.0,2.0
0.02149999999999999,0.0,32.0,0.0,2.0
0.021600000000000008,0.0,32.0,0.0,2.0
0.021699999999999997,0.0,34.0,0.0,2.0
0.021799999999999986,2.0,32.0,0.0,2.0
0.021900000000000003,2.0,32.0,0.0,2.0
0.021999999999999992,2.0,34.0,0.0,2.0
0.02210000000000001,0.0,32.0,0.0,2.0
0.022199999999999998,0.0,34.0,0.0,2.0
0.022299999999999986,0.0,32.0,0.0,2.0
0.022400000000000003,0.0,32.0,0.0,2.0
0.022499999999999992,2.0,32.0,0.0,0.0
0.02260000000000001,0.0,32.0,0.0,2.0
0.022699999999999998,0.0,32.0,0.0,2.0
0.022799999999999987,2.0,32.0,0.0,2.0
0.022900000000000004,0.0,32.0,0.0,2.0
0.022999999999999993,2.0,32.0,0.0,2.0
0.02310000000000001,0.0,32.0,0.0,2.0
0.0232,2.0,32.0,0.0,2.0
0.023299999999999987,2.0,32.0,0.0,2.0
0.023400000000000004,0.0,32.0,0.0,2.0
0.023499999999999993,0.0,2.0,0.0,2.0
0.023599999999999982,0.0,0.0,0.0,2.0
0.0237,0.0,0.0,0.0,2.0
0.023799999999999988,0.0,0.0,0.0,2.0
0.023900000000000005,34.0,0.0,0.0,2.0
0.023999999999999994,34.0,0.0,0.0,2.0
0.024099999999999983,34.0,0.0,0.0,2.0
0.0242,32.0,0.0,0.0,2.0
0.02429999999999999,34.0,0.0,0.0,2.0
0.024400000000000005,34.0,0.0,0.0,2.0
0.024499999999999994,34.0,0.0,0.0,2.0
0.024599999999999983,34.0,0.0,0.0,2.0
0.0247,32.0,0.0,0.0,0.0
0.02479999999999999,34.0,0.0,0.0,2.0
0.024900000000000005,34.0,0.0,0.0,2.0
0.024999999999999994,34.0,0.0,0.0,2.0
0.025099999999999983,32.0,0.0,0.0,2.0
0.0252,34.0,0.0,0.0,2.0
0.02529999999999999,34.0,0.0,0.0,2.0
0.025400000000000006,32.0,0.0,0.0,2.0
0.025499999999999995,34.0,0.0,0.0,2.0
0.025599999999999984,34.0,0.0,0.0,0.0
0.0257,34.0,0.0,0.0,2.0
0.02579999999999999,34.0,0.0,0.0,2.0
0.025900000000000006,34.0,0.0,0.0,2.0
0.025999999999999995,34.0,0.0,0.0,2.0
0.026099999999999984,36.0,0.0,0.0,2.0
0.0262,34.0,0.0,0.0,2.0
0.02629999999999999,32.0,0.0,0.0,2.0
0.026400000000000007,34.0,0.0,0.0,2.0
0.026499999999999996,34.0,0.0,0.0,2.0
0.026599999999999985,34.0,0.0,0.0,2.0
0.0267,34.0,0.0,0.0,2.0
0.02679999999999999,32.0,0.0,0.0,2.0
0.026900000000000007,34.0,0.0,0.0,2.0
0.026999999999999996,34.0,0.0,0.0,2.0
0.027099999999999985,34.0,0.0,0.0,2.0
0.027200000000000002,34.0,0.0,2.0,2.0
0.02729999999999999,34.0,0.0,0.0,2.0
0.027400000000000008,34.0,0.0,0.0,0.0
0.027499999999999997,34.0,-2.0,0.0,2.0
0.027599999999999986,34.0,0.0,0.0,2.0
0.027700000000000002,34.0,0.0,0.0,2.0
0.02779999999999999,34.0,0.0,0.0,2.0
0.027900000000000008,34.0,0.0,0.0,2.0
0.027999999999999997,34.0,0.0,0.0,2.0
0.028099999999999986,34.0,0.0,0.0,2.0
0.028200000000000003,34.0,0.0,0.0,0.0
0.028299999999999992,34.0,0.0,0.0,2.0
0.02840000000000001,34.0,0.0,0.0,2.0
0.028499999999999998,34.0,0.0,0.0,2.0
0.028599999999999987,34.0,0.0,0.0,2.0
0.028700000000000003,34.0,0.0,34.0,2.0
0.028799999999999992,34.0,0.0,34.0,2.0
0.02890000000000001,34.0,0.0,34.0,2.0
0.028999999999999998,34.0,0.0,34.0,2.0
0.029099999999999987,34.0,0.0,34.0,2.0
0.029200000000000004,34.0,0.0,34.0,34.0
0.029299999999999993,34.0,0.0,34.0,36.0
0.02940000000000001,34.0,0.0,34.0,34.0
0.0295,34.0,0.0,34.0,34.0
0.029599999999999987,34.0,0.0,34.0,34.0
0.029700000000000004,34.0,0.0,32.0,34.0
0.029799999999999993,34.0,0.0,36.0,34.0
0.029899999999999982,34.0,0.0,34.0,34.0
0.03,34.0,0.0,34.0,36.0
0.030099999999999988,32.0,0.0,34.0,34.0
0.030200000000000005,34.0,0.0,34.0,36.0
0.030299999999999994,34.0,0.0,34.0,34.0
0.030399999999999983,34.0,0.0,34.0,36.0
0.0305,34.0,0.0,34.0,34.0
0.03059999999999999,34.0,0.0,34.0,34.0
0.030700000000000005,34.0,0.0,34.0,34.0
0.030799999999999994,34.0,0.0,34.0,34.0
0.030899999999999983,34.0,0.0,34.0,36.0
0.031,34.0,0.0,34.0,36.0
0.03109999999999999,32.0,0.0,34.0,34.0
0.031200000000000006,34.0,0.0,34.0,34.0
0.031299999999999994,34.0,0.0,34.0,34.0
0.031399999999999983,34.0,0.0,34.0,34.0
0.0315,34.0,0.0,32.0,34.0
0.03159999999999999,34.0,0.0,34.0,34.0
0.031700000000000006,34.0,0.0,34.0,34.0
0.031799999999999995,34.0,0.0,34.0,34.0
0.031899999999999984,34.0,2.0,34.0,36.0
0.032,34.0,0.0,34.0,36.0
0.03209999999999999,34.0,0.0,34.0,34.0
0.032200000000000006,34.0,0.0,34.0,34.0
0.032299999999999995,34.0,0.0,34.0,34.0
0.032399999999999984,34.0,0.0,34.0,34.0
0.0325,34.0,0.0,34.0,34.0
0.03259999999999999,34.0,0.0,34.0,36.0
0.03270000000000001,34.0,0.0,34.0,36.0
0.032799999999999996,34.0,0.0,34.0,34.0
0.032899999999999985,34.0,0.0,34.0,34.0
0.033,34.0,0.0,34.0,34.0
0.03309999999999999,34.0,0.0,34.0,34.0
0.03320000000000001,34.0,0.0,34.0,34.0
0.033299999999999996,34.0,2.0,34.0,34.0
0.033399999999999985,34.0,0.0,34.0,34.0
0.0335,34.0,0.0,34.0,36.0
0.03359999999999999,34.0,0.0,34.0,34.0
0.03370000000000001,34.0,0.0,34.0,34.0
0.0338,34.0,0.0,34.0,34.0
0.033899999999999986,34.0,0.0,34.0,34.0
0.034,34.0,0.0,34.0,34.0
0.03409999999999999,34.0,0.0,34.0,36.0
0.03420000000000001,32.0,0.0,34.0,34.0
0.0343,34.0,0.0,34.0,34.0
0.034399999999999986,34.0,0.0,34.0,34.0
0.0345,34.0,0.0,34.0,34.0
0.03459999999999999,34.0,0.0,34.0,34.0
0.03470000000000001,34.0,0.0,34.0,36.0
0.0348,34.0,0.0,32.0,34.0
0.03489999999999999,34.0,0.0,34.0,34.0
0.035,34.0,0.0,34.0,34.0
0.03509999999999999,34.0,0.0,34.0,34.0
0.03520000000000001,34.0,0.0,34.0,34.0
0.0353,34.0,0.0,34.0,36.0
0.03539999999999999,34.0,0.0,34.0,34.0
0.035500000000000004,34.0,0.0,34.0,36.0
0.03559999999999999,34.0,0.0,34.0,34.0
0.03570000000000001,34.0,0.0,34.0,34.0
0.0358,34.0,0.0,34.0,34.0
0.03589999999999999,34.0,0.0,34.0,34.0
0.036000000000000004,34.0,2.0,34.0,34.0
0.03609999999999999,34.0,0.0,34.0,34.0
0.03620000000000001,34.0,0.0,34.0,34.0
0.0363,34.0,0.0,34.0,36.0
0.03639999999999999,34.0,0.0,34.0,34.0
0.036500000000000005,34.0,0.0,34.0,36.0
0.036599999999999994,34.0,0.0,34.0,34.0
0.03669999999999998,34.0,0.0,34.0,34.0
0.0368,34.0,0.0,34.0,34.0
0.03689999999999999,34.0,0.0,34.0,34.0
0.037000000000000005,32.0,0.0,34.0,34.0
0.037099999999999994,34.0,0.0,34.0,34.0
0.03719999999999998,34.0,0.0,34.0,34.0
0.0373,34.0,0.0,34.0,34.0
0.03739999999999999,34.0,0.0,34.0,34.0
0.037500000000000006,34.0,0.0,34.0,34.0
0.037599999999999995,34.0,0.0,32.0,34.0
0.037699999999999984,34.0,0.0,34.0,34.0
0.0378,34.0,0.0,34.0,34.0
0.03789999999999999,32.0,0.0,34.0,34.0
0.038000000000000006,34.0,0.0,34.0,34.0
0.038099999999999995,34.0,0.0,34.0,34.0
0.038199999999999984,34.0,0.0,34.0,34.0
0.0383,34.0,0.0,34.0,34.0
0.03839999999999999,34.0,0.0,34.0,34.0
0.038500000000000006,34.0,0.0,34.0,34.0
0.038599999999999995,34.0,0.0,34.0,34.0
0.038699999999999984,34.0,0.0,34.0,34.0
0.0388,34.0,0.0,34.0,34.0
0.03889999999999999,34.0,0.0,34.0,34.0
0.03900000000000001,34.0,0.0,34.0,34.0
0.039099999999999996,34.0,0.0,34.0,34.0
0.039199999999999985,34.0,0.0,34.0,34.0
0.0393,34.0,0.0,34.0,36.0
0.03939999999999999,32.0,0.0,34.0,34.0
0.03950000000000001,34.0,0.0,34.0,34.0
0.039599999999999996,34.0,0.0,34.0,34.0
0.039699999999999985,34.0,0.0,34.0,34.0
0.0398,34.0,2.0,34.0,36.0
0.03989999999999999,34.0,0.0,34.0,34.0
0.04000000000000001,34.0,0.0,34.0,34.0
0.0401,34.0,0.0,34.0,34.0
0.040199999999999986,34.0,0.0,34.0,34.0
0.0403,34.0,0.0,34.0,34.0
0.04039999999999999,34.0,0.0,34.0,34.0
0.04050000000000001,32.0,0.0,34.0,34.0
0.0406,34.0,0.0,34.0,34.0
0.040699999999999986,34.0,0.0,34.0,34.0
0.0408,34.0,2.0,34.0,34.0
0.04089999999999999,34.0,0.0,32.0,34.0
0.04100000000000001,34.0,0.0,34.0,34.0
0.0411,34.0,0.0,34.0,34.0
0.04119999999999999,34.0,0.0,34.0,36.0
0.0413,34.0,0.0,34.0,34.0
0.04139999999999999,34.0,0.0,34.0,36.0
0.04150000000000001,34.0,0.0,34.0,34.0
0.0416,34.0,0.0,34.0,36.0
0.04169999999999999,34.0,0.0,34.0,34.0
0.041800000000000004,34.0,0.0,34.0,34.0
0.04189999999999999,34.0,0.0,34.0,34.0
0.04200000000000001,34.0,0.0,34.0,34.0
0.0421,32.0,0.0,34.0,34.0
0.04219999999999999,34.0,0.0,34.0,34.0
0.042300000000000004,34.0,0.0,34.0,34.0
0.04239999999999999,34.0,0.0,34.0,34.0
0.04250000000000001,34.0,0.0,34.0,36.0
0.0426,34.0,0.0,34.0,34.0
0.04269999999999999,34.0,0.0,34.0,34.0
0.042800000000000005,34.0,0.0,34.0,34.0
0.042899999999999994,34.0,0.0,34.0,34.0
0.04300000000000001,34.0,0.0,34.0,34.0
0.0431,34.0,0.0,34.0,34.0
0.04319999999999999,34.0,0.0,34.0,34.0
0.043300000000000005,34.0,0.0,34.0,34.0
0.043399999999999994,0.0,0.0,34.0,36.0
0.04349999999999998,0.0,0.0,34.0,34.0
0.0436,0.0,0.0,34.0,36.0
0.04369999999999999,2.0,0.0,34.0,36.0
0.043800000000000006,0.0,0.0,34.0,34.0
0.043899999999999995,0.0,0.0,34.0,34.0
0.043999999999999984,0.0,0.0,34.0,2.0
0.0441,0.0,0.0,34.0,2.0
0.04419999999999999,0.0,0.0,34.0,2.0
0.044300000000000006,0.0,0.0,34.0,2.0
0.044399999999999995,0.0,0.0,34.0,0.0
0.044499999999999984,0.0,2.0,34.0,0.0
0.0446,0.0,0.0,34.0,2.0
0.04469999999999999,0.0,0.0,34.0,2.0
0.044800000000000006,0.0,0.0,34.0,2.0
0.044899999999999995,0.0,0.0,34.0,2.0
0.044999999999999984,0.0,0.0,34.0,2.0
0.0451,0.0,0.0,34.0,0.0
0.04519999999999999,0.0,0.0,34.0,2.0
0.04530000000000001,0.0,0.0,34.0,2.0
0.045399999999999996,0.0,0.0,34.0,2.0
0.045499999999999985,0.0,0.0,34.0,2.0
0.0456,0.0,0.0,34.0,2.0
0.04569999999999999,0.0,0.0,34.0,2.0
0.04580000000000001,0.0,0.0,36.0,2.0
0.045899999999999996,2.0,0.0,34.0,2.0
0.045999999999999985,0.0,0.0,34.0,2.0
0.0461,0.0,0.0,34.0,2.0
0.04619999999999999,0.0,0.0,34.0,2.0
0.04630000000000001,0.0,0.0,34.0,2.0
0.0464,0.0,0.0,34.0,2.0
0.046499999999999986,2.0,0.0,34.0,2.0
0.0466,0.0,0.0,34.0,2.0
0.04669999999999999,0.0,0.0,0.0,2.0
0.04680000000000001,0.0,0.0,0.0,2.0
0.0469,0.0,0.0,0.0,2.0
0.046999999999999986,0.0,0.0,0.0,2.0
0.0471,0.0,32.0,0.0,2.0
0.04719999999999999,2.0,34.0,0.0,2.0
0.04730000000000001,0.0,32.0,0.0,2.0
0.0474,0.0,32.0,0.0,2.0
0.04749999999999999,0.0,32.0,0.0,2.0
0.0476,0.0,32.0,0.0,2.0
0.04769999999999999,2.0,32.0,0.0,2.0
0.04780000000000001,0.0,32.0,0.0,2.0
0.0479,0.0,32.0,0.0,2.0
0.04799999999999999,2.0,32.0,0.0,2.0
0.048100000000000004,2.0,32.0,0.0,2.0
0.04819999999999999,2.0,32.0,0.0,2.0
0.04830000000000001,0.0,32.0,0.0,2.0
0.0484,2.0,32.0,0.0,2.0
0.04849999999999999,0.0,34.0,0.0,2.0
0.048600000000000004,0.0,32.0,0.0,2.0
0.04869999999999999,2.0,34.0,0.0,2.0
0.04880000000000001,0.0,32.0,0.0,2.0
0.0489,0.0,32.0,0.0,2.0
0.04899999999999999,0.0,32.0,0.0,2.0
0.049100000000000005,0.0,32.0,2.0,2.0
0.049199999999999994,0.0,34.0,0.0,0.0
0.04930000000000001,0.0,32.0,0.0,2.0
0.0494,0.0,32.0,2.0,2.0
0.04949999999999999,0.0,32.0,0.0,2.0
0.049600000000000005,2.0,32.0,0.0,0.0
0.049699999999999994,2.0,32.0,0.0,2.0
0.04979999999999998,0.0,32.0,0.0,2.0
0.0499,0.0,32.0,0.0,2.0
0.04999999999999999,0.0,34.0,0.0,2.0
0.050100000000000006,0.0,32.0,0.0,2.0
0.050199999999999995,0.0,32.0,0.0,2.0
0.050299999999999984,0.0,32.0,0.0,2.0
0.0504,0.0,32.0,0.0,2.0
0.05049999999999999,2.0,34.0,0.0,2.0
0.050600000000000006,2.0,32.0,2.0,2.0
0.050699999999999995,0.0,32.0,0.0,2.0
0.050799999999999984,2.0,32.0,0.0,2.0
0.0509,0.0,32.0,0.0,2.0
0.05099999999999999,0.0,32.0,0.0,2.0
0.051100000000000007,0.0,32.0,0.0,2.0
0.051199999999999996,0.0,32.0,0.0,2.0
0.051299999999999985,0.0,32.0,0.0,2.0
0.0514,2.0,32.0,0.0,2.0
0.05149999999999999,0.0,34.0,0.0,2.0
0.05160000000000001,0.0,32.0,0.0,0.0
0.051699999999999996,2.0,32.0,0.0,2.0
0.051799999999999985,0.0,32.0,0.0,2.0
0.0519,0.0,32.0,0.0,2.0
0.05199999999999999,2.0,32.0,0.0,2.0
0.05210000000000001,0.0,32.0,0.0,2.0
0.052199999999999996,2.0,34.0,0.0,0.0
0.052299999999999985,0.0,32.0,0.0,2.0
0.0524,2.0,32.0,0.0,2.0
0.05249999999999999,2.0,32.0,0.0,2.0
0.05260000000000001,0.0,32.0,0.0,2.0
0.0527,0.0,32.0,0.0,2.0
0.052799999999999986,0.0,32.0,0.0,2.0
0.0529,0.0,34.0,0.0,2.0
0.05299999999999999,0.0,32.0,0.0,2.0
0.05310000000000001,2.0,32.0,0.0,2.0
0.0532,0.0,34.0,0.0,2.0
0.053299999999999986,0.0,34.0,0.0,0.0
0.0534,0.0,32.0,0.0,2.0
0.05349999999999999,2.0,32.0,0.0,2.0
0.05360000000000001,0.0,32.0,0.0,2.0
0.0537,0.0,32.0,0.0,2.0
0.05379999999999999,0.0,32.0,0.0,2.0
0.0539,0.0,32.0,0.0,2.0
0.05399999999999999,0.0,32.0,0.0,2.0
0.05410000000000001,2.0,32.0,0.0,2.0
0.0542,0.0,32.0,0.0,0.0
0.05429999999999999,0.0,32.0,0.0,2.0
0.054400000000000004,0.0,32.0,0.0,2.0
0.05449999999999999,0.0,32.0,0.0,2.0
0.05460000000000001,2.0,32.0,0.0,2.0
0.0547,0.0,32.0,0.0,2.0
0.05479999999999999,0.0,32.0,0.0,2.0
0.054900000000000004,0.0,32.0,0.0,2.0
0.05499999999999999,2.0,32.0,0.0,2.0
0.05510000000000001,0.0,32.0,2.0,0.0
0.0552,0.0,34.0,0.0,2.0
0.05529999999999999,0.0,32.0,0.0,2.0
0.055400000000000005,0.0,32.0,0.0,2.0
0.055499999999999994,2.0,32.0,0.0,2.0
0.05560000000000001,2.0,32.0,0.0,2.0
0.0557,0.0,32.0,0.0,2.0
0.05579999999999999,0.0,34.0,0.0,2.0
0.055900000000000005,0.0,32.0,0.0,2.0
0.055999999999999994,0.0,32.0,0.0,2.0
0.05610000000000001,2.0,32.0,0.0,0.0
0.0562,0.0,32.0,0.0,2.0
0.05629999999999999,0.0,32.0,0.0,2.0
0.056400000000000006,0.0,32.0,0.0,2.0
0.056499999999999995,0.0,32.0,0.0,2.0
0.056599999999999984,2.0,32.0,0.0,2.0
0.0567,0.0,32.0,0.0,2.0
0.05679999999999999,2.0,32.0,0.0,2.0
0.056900000000000006,0.0,32.0,0.0,2.0
0.056999999999999995,2.0,34.0,0.0,2.0
0.057099999999999984,2.0,32.0,0.0,2.0
0.0572,0.0,32.0,0.0,0.0
0.05729999999999999,0.0,32.0,0.0,2.0
0.05740000000000001,2.0,34.0,2.0,2.0
0.057499999999999996,0.0,32.0,0.0,2.0
0.057599999999999985,0.0,32.0,0.0,2.0
0.0577,0.0,32.0,0.0,2.0
0.05779999999999999,0.0,34.0,0.0,0.0
0.05790000000000001,0.0,32.0,0.0,2.0
0.057999999999999996,0.0,32.0,0.0,2.0
0.058099999999999985,0.0,32.0,0.0,2.0
0.0582,2.0,32.0,0.0,2.0
0.05829999999999999,0.0,32.0,0.0,2.0
0.05840000000000001,2.0,34.0,0.0,2.0
0.058499999999999996,0.0,0.0,0.0,2.0
0.058599999999999985,0.0,0.0,0.0,2.0
0.0587,0.0,0.0,0.0,2.0
0.05879999999999999,0.0,0.0,0.0,2.0
0.05890000000000001,0.0,0.0,0.0,2.0
0.059,0.0,0.0,0.0,2.0
0.059099999999999986,0.0,0.0,0.0,2.0
0.0592,34.0,0.0,0.0,2.0
0.05929999999999999,34.0,0.0,0.0,2.0
0.05940000000000001,34.0,0.0,0.0,0.0
0.0595,34.0,0.0,0.0,0.0
0.059599999999999986,34.0,0.0,0.0,2.0
0.0597,34.0,0.0,0.0,0.0
0.05979999999999999,34.0,0.0,0.0,2.0
0.05990000000000001,34.0,0.0,0.0,2.0
0.06,34.0,0.0,0.0,0.0
0.06009999999999999,34.0,0.0,0.0,2.0
0.060200000000000004,32.0,0.0,0.0,2.0
0.06029999999999999,34.0,0.0,0.0,2.0
0.06040000000000001,34.0,0.0,0.0,2.0
0.0605,32.0,0.0,0.0,2.0
0.06059999999999999,34.0,0.0,0.0,2.0
0.060700000000000004,34.0,0.0,0.0,2.0
0.06079999999999999,34.0,0.0,0.0,2.0
0.06090000000000001,34.0,0.0,0.0,2.0
0.061,34.0,0.0,0.0,2.0
0.06109999999999999,34.0,2.0,0.0,2.0
0.061200000000000004,34.0,-2.0,0.0,2.0
0.06129999999999999,34.0,0.0,0.0,2.0
0.06140000000000001,34.0,0.0,0.0,2.0
0.0615,34.0,2.0,0.0,2.0
0.06159999999999999,34.0,0.0,0.0,2.0
0.061700000000000005,34.0,0.0,0.0,2.0
0.061799999999999994,34.0,0.0,0.0,2.0
0.06190000000000001,34.0,0.0,0.0,0.0
0.062,34.0,0.0,0.0,2.0
0.06209999999999999,34.0,0.0,0.0,2.0
0.062200000000000005,34.0,2.0,0.0,2.0
0.062299999999999994,32.0,0.0,0.0,2.0
0.06240000000000001,32.0,0.0,0.0,2.0
0.0625,34.0,0.0,0.0,2.0
0.06259999999999999,34.0,2.0,0.0,2.0
0.0627,34.0,0.0,0.0,2.0
0.0628,34.0,0.0,0.0,2.0
0.06289999999999998,34.0,0.0,0.0,2.0
0.063,34.0,0.0,0.0,2.0
0.06309999999999999,34.0,0.0,0.0,2.0
0.0632,34.0,0.0,0.0,2.0
0.0633,34.0,0.0,0.0,2.0
0.06339999999999998,34.0,0.0,0.0,2.0
0.0635,34.0,0.0,0.0,2.0
0.06359999999999999,34.0,0.0,0.0,2.0
0.0637,34.0,0.0,0.0,2.0
0.0638,34.0,0.0,0.0,2.0
0.06389999999999998,34.0,0.0,0.0,2.0
0.064,34.0,0.0,0.0,0.0
0.06409999999999999,34.0,0.0,0.0,2.0
0.06420000000000001,34.0,0.0,0.0,2.0
0.0643,34.0,0.0,34.0,2.0
0.06439999999999999,34.0,0.0,34.0,2.0
0.0645,34.0,0.0,34.0,2.0
0.06459999999999999,34.0,0.0,34.0,2.0
0.06470000000000001,34.0,0.0,34.0,2.0
0.0648,34.0,0.0,34.0,2.0
0.06489999999999999,34.0,0.0,34.0,2.0
0.065,34.0,0.0,34.0,36.0
0.06509999999999999,34.0,0.0,34.0,34.0
0.06520000000000001,34.0,0.0,34.0,34.0
0.0653,34.0,0.0,34.0,34.0
0.06539999999999999,34.0,0.0,34.0,34.0
0.0655,34.0,0.0,34.0,34.0
0.06559999999999999,34.0,0.0,34.0,34.0
0.06570000000000001,34.0,0.0,34.0,36.0
0.0658,34.0,0.0,34.0,34.0
0.06589999999999999,34.0,0.0,34.0,36.0
0.066,34.0,0.0,34.0,36.0
0.06609999999999999,34.0,0.0,34.0,34.0
0.06620000000000001,34.0,0.0,34.0,34.0
0.0663,34.0,0.0,34.0,36.0
0.06639999999999999,32.0,0.0,34.0,36.0
0.0665,34.0,0.0,34.0,34.0
0.06659999999999999,34.0,0.0,34.0,34.0
0.06670000000000001,34.0,0.0,34.0,34.0
0.0668,34.0,0.0,34.0,34.0
0.06689999999999999,34.0,0.0,34.0,34.0
0.067,32.0,0.0,34.0,34.0
0.06709999999999999,34.0,0.0,34.0,34.0
0.06720000000000001,34.0,2.0,34.0,34.0
0.0673,34.0,0.0,32.0,34.0
0.06739999999999999,34.0,0.0,34.0,34.0
0.0675,34.0,0.0,34.0,34.0
0.0676,34.0,0.0,34.0,34.0
0.06770000000000001,34.0,0.0,34.0,34.0
0.0678,32.0,0.0,34.0,34.0
0.06789999999999999,34.0,0.0,34.0,34.0
0.068,34.0,0.0,34.0,36.0
0.0681,32.0,0.0,32.0,36.0
0.06820000000000001,34.0,0.0,34.0,34.0
0.0683,34.0,0.0,34.0,34.0
0.06839999999999999,34.0,0.0,34.0,36.0
0.0685,34.0,0.0,34.0,34.0
0.0686,32.0,0.0,34.0,36.0
0.06870000000000001,32.0,0.0,34.0,34.0
0.0688,34.0,0.0,34.0,34.0
0.06889999999999999,34.0,0.0,34.0,34.0
0.069,34.0,0.0,34.0,34.0
0.0691,34.0,0.0,34.0,34.0
0.06920000000000001,34.0,0.0,34.0,34.0
0.0693,34.0,0.0,34.0,36.0
0.06939999999999999,34.0,2.0,34.0,34.0
0.0695,34.0,0.0,34.0,34.0
0.0696,34.0,0.0,34.0,36.0
0.06969999999999998,34.0,0.0,34.0,34.0
0.0698,34.0,0.0,32.0,34.0
0.06989999999999999,34.0,0.0,34.0,34.0
0.07,32.0,0.0,34.0,34.0
0.0701,34.0,0.0,34.0,34.0
0.07019999999999998,34.0,0.0,34.0,34.0
0.0703,34.0,0.0,34.0,34.0
0.07039999999999999,34.0,0.0,34.0,34.0
0.07050000000000001,34.0,0.0,34.0,34.0
0.0706,34.0,0.0,34.0,34.0
0.07069999999999999,34.0,0.0,34.0,34.0
0.0708,34.0,0.0,34.0,34.0
0.07089999999999999,34.0,0.0,34.0,34.0
0.07100000000000001,34.0,0.0,34.0,34.0
0.0711,34.0,0.0,34.0,34.0
0.07119999999999999,34.0,0.0,34.0,36.0
0.0713,34.0,0.0,34.0,34.0
0.07139999999999999,34.0,0.0,34.0,34.0
0.07150000000000001,34.0,0.0,34.0,34.0
0.0716,32.0,0.0,34.0,34.0
0.07169999999999999,34.0,0.0,34.0,36.0
0.0718,34.0,0.0,34.0,34.0
0.07189999999999999,34.0,0.0,34.0,34.0
0.07200000000000001,34.0,0.0,34.0,34.0
0.0721,34.0,0.0,34.0,34.0
0.07219999999999999,34.0,0.0,34.0,34.0
0.0723,34.0,0.0,34.0,34.0
0.07239999999999999,34.0,0.0,34.0,34.0
0.07250000000000001,34.0,0.0,34.0,34.0
0.0726,32.0,2.0,34.0,34.0
0.07269999999999999,34.0,0.0,34.0,34.0
0.0728,34.0,0.0,34.0,34.0
0.07289999999999999,34.0,0.0,34.0,34.0
0.07300000000000001,34.0,0.0,34.0,36.0
0.0731,34.0,0.0,34.0,34.0
0.07319999999999999,34.0,0.0,34.0,34.0
0.0733,34.0,0.0,34.0,34.0
0.07339999999999999,34.0,0.0,34.0,34.0
0.07350000000000001,34.0,0.0,34.0,34.0
0.0736,34.0,0.0,34.0,34.0
0.07369999999999999,34.0,0.0,34.0,34.0
0.0738,34.0,0.0,34.0,34.0
0.0739,34.0,0.0,34.0,34.0
0.07400000000000001,34.0,0.0,34.0,34.0
0.0741,34.0,0.0,34.0,34.0
0.07419999999999999,34.0,0.0,36.0,36.0
0.0743,34.0,0.0,34.0,36.0
0.0744,34.0,0.0,34.0,36.0
0.07450000000000001,34.0,0.0,34.0,36.0
0.0746,34.0,0.0,34.0,34.0
0.07469999999999999,34.0,0.0,34.0,34.0
0.0748,34.0,0.0,34.0,34.0
0.0749,34.0,0.0,34.0,34.0
0.07500000000000001,34.0,0.0,34.0,34.0
0.0751,34.0,0.0,34.0,34.0
0.07519999999999999,34.0,0.0,36.0,34.0
0.0753,34.0,0.0,34.0,34.0
0.0754,34.0,0.0,34.0,34.0
0.07550000000000001,34.0,0.0,34.0,34.0
0.0756,34.0,0.0,34.0,36.0
0.07569999999999999,34.0,0.0,34.0,36.0
0.0758,34.0,0.0,34.0,34.0
0.0759,34.0,0.0,34.0,34.0
0.07600000000000001,34.0,2.0,34.0,36.0
0.0761,34.0,0.0,34.0,36.0
0.07619999999999999,34.0,0.0,34.0,36.0
0.0763,34.0,0.0,34.0,34.0
0.0764,34.0,0.0,34.0,34.0
0.07649999999999998,34.0,0.0,34.0,34.0
0.0766,34.0,0.0,34.0,34.0
0.07669999999999999,34.0,0.0,34.0,34.0
0.07680000000000001,34.0,0.0,34.0,34.0
0.0769,34.0,0.0,34.0,34.0
0.07699999999999999,34.0,0.0,34.0,34.0
0.0771,34.0,0.0,34.0,36.0
0.07719999999999999,34.0,0.0,34.0,34.0
0.07730000000000001,34.0,0.0,34.0,34.0
0.0774,34.0,0.0,34.0,34.0
0.07749999999999999,34.0,0.0,34.0,34.0
0.0776,32.0,0.0,34.0,34.0
0.07769999999999999,34.0,0.0,34.0,34.0
0.07780000000000001,34.0,0.0,34.0,34.0
0.0779,34.0,0.0,34.0,34.0
0.07799999999999999,34.0,0.0,34.0,34.0
0.0781,34.0,0.0,34.0,36.0
0.07819999999999999,34.0,0.0,34.0,34.0
0.07830000000000001,34.0,0.0,34.0,34.0
0.0784,0.0,0.0,34.0,34.0
0.07849999999999999,0.0,0.0,34.0,36.0
0.0786,2.0,0.0,34.0,34.0
0.07869999999999999,0.0,0.0,34.0,34.0
0.07880000000000001,0.0,0.0,34.0,34.0
0.0789,2.0,0.0,34.0,2.0
0.07899999999999999,0.0,0.0,34.0,2.0
0.0791,0.0,0.0,34.0,2.0
0.07919999999999999,2.0,0.0,34.0,2.0
0.07930000000000001,0.0,0.0,34.0,2.0
0.0794,2.0,0.0,34.0,2.0
0.07949999999999999,2.0,0.0,34.0,2.0
0.0796,0.0,0.0,34.0,2.0
0.0797,0.0,0.0,34.0,2.0
0.07980000000000001,2.0,0.0,34.0,2.0
0.0799,0.0,0.0,34.0,2.0
0.07999999999999999,0.0,0.0,34.0,2.0
0.0801,2.0,0.0,34.0,2.0
0.0802,0.0,0.0,34.0,2.0
0.08030000000000001,2.0,0.0,34.0,2.0
0.0804,2.0,0.0,34.0,2.0
0.08049999999999999,0.0,2.0,34.0,2.0
0.0806,0.0,0.0,34.0,2.0
0.0807,0.0,0.0,34.0,2.0
0.08080000000000001,0.0,0.0,34.0,2.0
0.0809,0.0,0.0,34.0,2.0
0.08099999999999999,0.0,0.0,34.0,2.0
0.0811,0.0,0.0,34.0,2.0
0.0812,0.0,0.0,34.0,2.0
0.08130000000000001,0.0,0.0,34.0,2.0
0.0814,0.0,0.0,34.0,2.0
0.08149999999999999,0.0,0.0,34.0,2.0
0.0816,0.0,0.0,34.0,2.0
0.0817,0.0,0.0,0.0,2.0
0.08180000000000001,2.0,0.0,0.0,2.0
0.0819,2.0,0.0,2.0,0.0
0.08199999999999999,0.0,0.0,0.0,2.0
0.0821,2.0,0.0,0.0,2.0
0.0822,0.0,2.0,0.0,2.0
0.08230000000000001,0.0,32.0,0.0,2.0
0.0824,2.0,32.0,0.0,2.0
0.08249999999999999,2.0,32.0,0.0,2.0
0.0826,0.0,34.0,0.0,2.0
0.0827,0.0,32.0,0.0,2.0
0.08279999999999998,0.0,32.0,2.0,0.0
0.0829,0.0,32.0,0.0,2.0
0.08299999999999999,0.0,32.0,0.0,2.0
0.08310000000000001,0.0,32.0,0.0,2.0
0.0832,0.0,32.0,0.0,2.0
0.08329999999999999,0.0,32.0,0.0,2.0
0.0834,0.0,32.0,0.0,2.0
0.08349999999999999,0.0,32.0,0.0,2.0
0.08360000000000001,0.0,32.0,0.0,2.0
0.0837,0.0,32.0,0.0,2.0
0.08379999999999999,0.0,32.0,0.0,2.0
0.0839,0.0,32.0,0.0,0.0
0.08399999999999999,0.0,32.0,0.0,2.0
0.08410000000000001,0.0,32.0,0.0,2.0
0.0842,0.0,32.0,0.0,2.0
0.08429999999999999,0.0,34.0,0.0,2.0
0.0844,0.0,34.0,0.0,2.0
0.08449999999999999,0.0,34.0,0.0,2.0
0.08460000000000001,2.0,32.0,0.0,2.0
0.0847,0.0,32.0,0.0,2.0
0.08479999999999999,0.0,34.0,0.0,2.0
0.0849,2.0,32.0,0.0,2.0
0.08499999999999999,2.0,32.0,0.0,2.0
0.08510000000000001,0.0,32.0,0.0,2.0
0.0852,2.0,32.0,0.0,2.0
0.08529999999999999,0.0,32.0,0.0,2.0
0.0854,0.0,32.0,0.0,2.0
0.08549999999999999,2.0,32.0,0.0,2.0
0.08560000000000001,0.0,32.0,0.0,2.0
0.0857,0.0,32.0,0.0,2.0
0.08579999999999999,2.0,32.0,0.0,2.0
0.0859,0.0,32.0,0.0,2.0
0.086,2.0,32.0,0.0,2.0
0.08610000000000001,2.0,32.0,0.0,2.0
0.0862,2.0,32.0,0.0,2.0
0.08629999999999999,0.0,32.0,0.0,2.0
0.0864,0.0,32.0,0.0,2.0
0.0865,0.0,32.0,2.0,2.0
0.08660000000000001,0.0,34.0,0.0,2.0
0.0867,2.0,32.0,0.0,2.0
0.08679999999999999,0.0,32.0,0.0,2.0
0.0869,0.0,32.0,0.0,2.0
0.087,0.0,32.0,0.0,2.0
0.08710000000000001,2.0,32.0,0.0,2.0
0.0872,0.0,32.0,0.0,2.0
0.08729999999999999,0.0,32.0,0.0,2.0
0.0874,0.0,32.0,0.0,2.0
0.0875,2.0,32.0,0.0,2.0
0.08760000000000001,0.0,32.0,0.0,2.0
0.0877,0.0,32.0,0.0,2.0
0.08779999999999999,0.0,32.0,0.0,2.0
0.0879,2.0,32.0,0.0,2.0
0.088,2.0,32.0,0.0,2.0
0.08810000000000001,2.0,32.0,0.0,2.0
0.0882,0.0,34.0,0.0,2.0
0.08829999999999999,2.0,34.0,0.0,2.0
0.0884,0.0,32.0,0.0,2.0
0.0885,0.0,32.0,0.0,2.0
0.08860000000000001,0.0,32.0,0.0,2.0
0.0887,0.0,32.0,0.0,0.0
0.08879999999999999,0.0,32.0,0.0,2.0
0.0889,0.0,32.0,0.0,2.0
0.089,2.0,32.0,0.0,2.0
0.08910000000000001,0.0,32.0,0.0,2.0
0.0892,2.0,32.0,0.0,2.0
0.08929999999999999,0.0,32.0,0.0,2.0
0.08940000000000001,0.0,32.0,0.0,0.0
0.0895,0.0,32.0,0.0,2.0
0.08959999999999999,2.0,32.0,0.0,2.0
0.0897,0.0,32.0,0.0,2.0
0.08979999999999999,0.0,32.0,0.0,2.0
0.08990000000000001,0.0,32.0,0.0,2.0
0.09,0.0,32.0,0.0,2.0
0.09009999999999999,0.0,32.0,0.0,2.0
0.0902,0.0,32.0,0.0,2.0
0.09029999999999999,0.0,34.0,0.0,2.0
0.09040000000000001,0.0,34.0,0.0,2.0
0.0905,0.0,34.0,0.0,2.0
0.09059999999999999,0.0,32.0,0.0,2.0
0.0907,0.0,32.0,0.0,2.0
0.09079999999999999,2.0,34.0,0.0,2.0
0.09090000000000001,0.0,34.0,0.0,2.0
0.091,2.0,32.0,0.0,2.0
0.09109999999999999,2.0,32.0,0.0,2.0
0.0912,0.0,32.0,0.0,2.0
0.09129999999999999,0.0,32.0,0.0,2.0
0.09140000000000001,0.0,34.0,0.0,0.0
0.0915,0.0,32.0,2.0,2.0
0.09159999999999999,0.0,32.0,0.0,2.0
0.0917,2.0,34.0,0.0,2.0
0.09179999999999999,2.0,32.0,0.0,2.0
0.09190000000000001,0.0,32.0,0.0,2.0
0.092,0.0,32.0,0.0,2.0
0.09209999999999999,2.0,32.0,0.0,2.0
0.0922,0.0,32.0,0.0,0.0
0.0923,0.0,34.0,0.0,2.0
0.09240000000000001,0.0,32.0,0.0,2.0
0.0925,0.0,32.0,0.0,2.0
0.09259999999999999,0.0,32.0,0.0,0.0
0.0927,0.0,32.0,0.0,2.0
0.0928,0.0,32.0,0.0,0.0
0.09290000000000001,2.0,32.0,0.0,2.0
0.093,2.0,34.0,0.0,2.0
0.09309999999999999,2.0,32.0,2.0,2.0
0.0932,2.0,34.0,0.0,2.0
0.0933,0.0,0.0,0.0,2.0
0.09340000000000001,0.0,0.0,0.0,2.0
0.0935,0.0,0.0,0.0,2.0
0.09359999999999999,0.0,0.0,0.0,2.0
0.0937,0.0,0.0,0.0,2.0
0.0938,0.0,0.0,0.0,2.0
0.09390000000000001,34.0,0.0,0.0,2.0
0.094,34.0,0.0,0.0,2.0
0.09409999999999999,34.0,0.0,0.0,2.0
0.0942,34.0,0.0,0.0,0.0
0.0943,34.0,0.0,0.0,2.0
0.09440000000000001,34.0,0.0,0.0,2.0
0.0945,34.0,0.0,0.0,2.0
0.09459999999999999,34.0,0.0,0.0,2.0
0.0947,34.0,0.0,0.0,2.0
0.0948,34.0,0.0,0.0,2.0
0.09490000000000001,34.0,0.0,0.0,2.0
0.095,34.0,0.0,2.0,2.0
0.09509999999999999,34.0,0.0,0.0,2.0
0.0952,34.0,0.0,0.0,2.0
0.0953,34.0,0.0,0.0,2.0
0.09540000000000001,34.0,0.0,0.0,2.0
0.0955,34.0,0.0,0.0,2.0
0.09559999999999999,34.0,0.0,0.0,2.0
0.09570000000000001,34.0,0.0,0.0,2.0
0.0958,34.0,0.0,0.0,2.0
0.09590000000000001,34.0,0.0,0.0,2.0
0.096,34.0,0.0,0.0,2.0
0.09609999999999999,32.0,0.0,0.0,0.0
0.09620000000000001,34.0,0.0,0.0,2.0
0.0963,34.0,0.0,0.0,2.0
0.09639999999999999,34.0,0.0,0.0,2.0
0.0965,34.0,0.0,0.0,2.0
0.09659999999999999,34.0,0.0,0.0,2.0
0.09670000000000001,34.0,0.0,0.0,2.0
0.0968,34.0,0.0,0.0,0.0
0.09689999999999999,34.0,0.0,0.0,2.0
0.097,34.0,0.0,0.0,2.0
0.09709999999999999,34.0,0.0,0.0,2.0
0.09720000000000001,34.0,0.0,0.0,2.0
0.0973,34.0,0.0,0.0,2.0
0.09739999999999999,34.0,0.0,0.0,2.0
0.0975,34.0,0.0,2.0,2.0
0.09759999999999999,34.0,0.0,0.0,0.0
0.09770000000000001,34.0,0.0,0.0,0.0
0.0978,34.0,0.0,0.0,2.0
0.09789999999999999,34.0,0.0,0.0,2.0
0.098,34.0,0.0,0.0,2.0
0.09809999999999999,34.0,0.0,0.0,0.0
0.09820000000000001,34.0,0.0,0.0,2.0
0.0983,32.0,0.0,0.0,2.0
0.09839999999999999,34.0,0.0,0.0,2.0
0.0985,34.0,0.0,0.0,2.0
0.0986,34.0,0.0,0.0,2.0
0.09870000000000001,34.0,0.0,0.0,2.0
0.0988,34.0,0.0,0.0,2.0
0.09889999999999999,34.0,0.0,34.0,2.0
0.099,34.0,0.0,34.0,2.0
0.0991,34.0,0.0,34.0,2.0
0.09920000000000001,34.0,0.0,34.0,2.0
0.0993,34.0,0.0,34.0,2.0
0.09939999999999999,34.0,0.0,34.0,2.0
0.0995,34.0,0.0,34.0,36.0
0.0996,34.0,0.0,34.0,34.0
0.09970000000000001,34.0,0.0,34.0,34.0
0.0998,34.0,0.0,34.0,36.0
0.09989999999999999,32.0,0.0,34.0,34.0
0.1,34.0,0.0,34.0,34.0
0.1001,34.0,0.0,34.0,36.0
0.10020000000000001,32.0,0.0,34.0,34.0
0.1003,34.0,0.0,34.0,34.0
0.10039999999999999,34.0,0.0,34.0,34.0
0.1005,34.0,0.0,34.0,34.0
0.1006,34.0,0.0,34.0,36.0
0.10070000000000001,32.0,0.0,34.0,34.0
0.1008,34.0,0.0,34.0,34.0
0.10089999999999999,34.0,0.0,34.0,34.0
0.101,34.0,0.0,34.0,34.0
0.1011,34.0,0.0,34.0,34.0
0.10120000000000001,34.0,0.0,34.0,36.0
0.1013,34.0,0.0,34.0,36.0
0.10139999999999999,34.0,2.0,34.0,34.0
0.1015,34.0,0.0,32.0,34.0
0.1016,34.0,0.0,34.0,36.0
0.10170000000000001,34.0,0.0,34.0,34.0
0.1018,34.0,0.0,34.0,34.0
0.10189999999999999,34.0,2.0,34.0,34.0
0.10200000000000001,34.0,0.0,34.0,34.0
0.1021,34.0,0.0,34.0,34.0
0.10220000000000001,34.0,0.0,34.0,34.0
0.1023,34.0,2.0,34.0,34.0
0.10239999999999999,34.0,0.0,34.0,36.0
0.10250000000000001,34.0,0.0,34.0,34.0
0.1026,34.0,0.0,32.0,34.0
0.10269999999999999,34.0,0.0,36.0,34.0
0.1028,34.0,0.0,34.0,34.0
0.10289999999999999,34.0,0.0,34.0,34.0
0.10300000000000001,34.0,0.0,34.0,34.0
0.1031,34.0,0.0,34.0,34.0
0.10319999999999999,34.0,0.0,34.0,34.0
0.1033,34.0,0.0,34.0,34.0
0.10339999999999999,34.0,0.0,34.0,34.0
0.10350000000000001,34.0,0.0,34.0,34.0
0.1036,34.0,0.0,34.0,34.0
0.10369999999999999,32.0,0.0,34.0,34.0
0.1038,34.0,0.0,34.0,34.0
0.10389999999999999,34.0,0.0,34.0,34.0
0.10400000000000001,34.0,0.0,34.0,34.0
0.1041,34.0,0.0,34.0,36.0
0.10419999999999999,34.0,0.0,34.0,34.0
0.1043,34.0,0.0,34.0,34.0
0.10439999999999999,34.0,0.0,34.0,34.0
0.10450000000000001,32.0,2.0,34.0,34.0
0.1046,34.0,0.0,36.0,36.0
0.10469999999999999,34.0,0.0,34.0,34.0
0.1048,34.0,0.0,34.0,34.0
0.1049,34.0,0.0,34.0,34.0
0.10500000000000001,34.0,0.0,34.0,34.0
0.1051,34.0,0.0,34.0,34.0
0.10519999999999999,34.0,0.0,34.0,34.0
0.1053,34.0,0.0,34.0,34.0
0.1054,34.0,0.0,34.0,34.0
0.10550000000000001,34.0,0.0,34.0,34.0
0.1056,34.0,0.0,34.0,34.0
0.10569999999999999,34.0,2.0,34.0,36.0
0.1058,34.0,0.0,34.0,36.0
0.1059,34.0,0.0,34.0,34.0
0.10600000000000001,32.0,0.0,34.0,34.0
0.1061,34.0,0.0,34.0,34.0
0.10619999999999999,34.0,0.0,34.0,36.0
0.1063,32.0,0.0,34.0,34.0
0.1064,34.0,0.0,34.0,34.0
0.10650000000000001,34.0,0.0,34.0,36.0
0.1066,34.0,0.0,34.0,36.0
0.10669999999999999,34.0,0.0,34.0,36.0
0.1068,34.0,0.0,34.0,36.0
0.1069,34.0,0.0,34.0,36.0
0.10700000000000001,34.0,0.0,34.0,34.0
0.1071,34.0,0.0,34.0,34.0
0.10719999999999999,34.0,2.0,34.0,34.0
0.1073,34.0,0.0,34.0,34.0
0.1074,34.0,0.0,34.0,34.0
0.10750000000000001,32.0,0.0,34.0,36.0
0.1076,34.0,0.0,34.0,34.0
0.10769999999999999,34.0,0.0,34.0,34.0
0.1078,34.0,0.0,34.0,36.0
0.1079,34.0,0.0,34.0,34.0
0.10800000000000001,34.0,0.0,34.0,34.0
0.1081,34.0,0.0,34.0,34.0
0.10819999999999999,34.0,0.0,34.0,34.0
0.10830000000000001,34.0,0.0,34.0,34.0
0.1084,34.0,0.0,34.0,34.0
0.10850000000000001,34.0,0.0,34.0,34.0
0.1086,34.0,0.0,34.0,34.0
0.10869999999999999,34.0,0.0,34.0,34.0
0.10880000000000001,34.0,0.0,34.0,34.0
0.1089,34.0,2.0,34.0,34.0
0.10900000000000001,34.0,0.0,34.0,34.0
0.1091,34.0,0.0,34.0,34.0
0.10919999999999999,34.0,0.0,34.0,34.0
0.10930000000000001,34.0,0.0,34.0,34.0
0.1094,34.0,0.0,34.0,34.0
0.10949999999999999,34.0,0.0,34.0,34.0
0.1096,34.0,0.0,34.0,34.0
0.10969999999999999,34.0,0.0,34.0,34.0
0.10980000000000001,34.0,0.0,34.0,34.0
0.1099,34.0,0.0,34.0,36.0
0.10999999999999999,34.0,0.0,34.0,34.0
0.1101,34.0,0.0,34.0,34.0
0.11019999999999999,34.0,0.0,34.0,34.0
0.11030000000000001,34.0,0.0,34.0,34.0
0.1104,34.0,0.0,34.0,34.0
0.11049999999999999,34.0,0.0,34.0,34.0
0.1106,34.0,0.0,34.0,34.0
0.11069999999999999,34.0,0.0,34.0,34.0
0.11080000000000001,34.0,0.0,34.0,34.0
0.1109,34.0,0.0,34.0,34.0
0.11099999999999999,34.0,0.0,34.0,34.0
0.1111,34.0,0.0,34.0,34.0
0.1112,34.0,0.0,34.0,34.0
0.11130000000000001,34.0,0.0,34.0,34.0
0.1114,34.0,0.0,34.0,34.0
0.11149999999999999,34.0,0.0,34.0,34.0
0.1116,34.0,0.0,34.0,34.0
0.1117,32.0,0.0,34.0,34.0
0.11180000000000001,34.0,0.0,34.0,36.0
0.1119,34.0,0.0,34.0,34.0
0.11199999999999999,34.0,0.0,34.0,34.0
0.1121,34.0,0.0,34.0,34.0
0.1122,34.0,0.0,34.0,34.0
0.11230000000000001,34.0,0.0,34.0,34.0
0.1124,34.0,0.0,34.0,34.0
0.11249999999999999,34.0,0.0,34.0,36.0
0.1126,34.0,0.0,34.0,34.0
0.1127,34.0,0.0,34.0,34.0
0.11280000000000001,34.0,0.0,34.0,34.0
0.1129,34.0,2.0,34.0,36.0
0.11299999999999999,34.0,0.0,34.0,34.0
0.1131,34.0,0.0,34.0,34.0
0.1132,0.0,0.0,34.0,34.0
0.11330000000000001,0.0,0.0,34.0,34.0
0.1134,0.0,0.0,34.0,34.0
0.11349999999999999,0.0,0.0,34.0,34.0
0.1136,0.0,0.0,34.0,34.0
0.1137,0.0,0.0,32.0,34.0
0.11380000000000001,0.0,0.0,34.0,2.0
0.1139,0.0,0.0,34.0,2.0
0.11399999999999999,0.0,0.0,34.0,2.0
0.11410000000000001,2.0,0.0,34.0,2.0
0.1142,0.0,0.0,34.0,2.0
0.11430000000000001,2.0,0.0,34.0,2.0
0.1144,0.0,0.0,34.0,2.0
0.11449999999999999,0.0,0.0,34.0,2.0
0.11460000000000001,0.0,0.0,34.0,2.0
0.1147,0.0,0.0,34.0,2.0
0.11480000000000001,0.0,0.0,34.0,2.0
0.1149,0.0,0.0,34.0,2.0
0.11499999999999999,2.0,0.0,34.0,2.0
0.11510000000000001,0.0,0.0,34.0,2.0
0.1152,2.0,0.0,34.0,2.0
0.11530000000000001,0.0,0.0,34.0,2.0
0.1154,0.0,0.0,34.0,2.0
0.11549999999999999,0.0,0.0,34.0,2.0
0.11560000000000001,0.0,0.0,34.0,2.0
0.1157,0.0,0.0,34.0,2.0
0.11579999999999999,0.0,0.0,34.0,2.0
0.1159,0.0,0.0,34.0,2.0
0.11599999999999999,0.0,0.0,34.0,2.0
0.11610000000000001,0.0,0.0,34.0,2.0
0.1162,0.0,0.0,34.0,2.0
0.11629999999999999,0.0,0.0,34.0,2.0
0.1164,2.0,0.0,34.0,2.0
0.11649999999999999,0.0,0.0,34.0,2.0
0.11660000000000001,0.0,0.0,34.0,2.0
0.1167,0.0,0.0,34.0,2.0
0.11679999999999999,0.0,0.0,34.0,2.0
0.1169,0.0,0.0,34.0,2.0
0.11699999999999999,0.0,0.0,34.0,2.0
0.11710000000000001,0.0,0.0,0.0,2.0
0.1172,0.0,0.0,0.0,2.0
0.11729999999999999,2.0,0.0,0.0,2.0
0.1174,0.0,0.0,0.0,2.0
0.1175,0.0,0.0,0.0,2.0
0.11760000000000001,0.0,0.0,0.0,2.0
0.1177,2.0,32.0,0.0,2.0
0.11779999999999999,2.0,32.0,0.0,2.0
0.1179,0.0,34.0,0.0,2.0
0.118,0.0,32.0,0.0,2.0
0.11810000000000001,0.0,32.0,0.0,2.0
0.1182,0.0,32.0,0.0,2.0
0.11829999999999999,2.0,32.0,0.0,2.0
0.1184,0.0,34.0,0.0,2.0
0.1185,0.0,34.0,0.0,2.0
0.11860000000000001,0.0,32.0,0.0,2.0
0.1187,0.0,32.0,0.0,2.0
0.11879999999999999,2.0,32.0,0.0,2.0
0.1189,2.0,32.0,0.0,2.0
0.119,0.0,32.0,0.0,2.0
0.11910000000000001,0.0,32.0,0.0,2.0
0.1192,0.0,32.0,0.0,2.0
0.11929999999999999,0.0,32.0,0.0,2.0
0.1194,0.0,32.0,0.0,2.0
0.1195,0.0,32.0,0.0,2.0
0.11960000000000001,0.0,34.0,2.0,2.0
0.1197,2.0,34.0,0.0,2.0
0.11979999999999999,0.0,32.0,0.0,2.0
0.1199,0.0,32.0,0.0,2.0
0.12,0.0,34.0,0.0,2.0
0.12010000000000001,0.0,32.0,0.0,2.0
0.1202,2.0,34.0,0.0,2.0
0.12029999999999999,2.0,32.0,0.0,2.0
0.12040000000000001,0.0,32.0,0.0,2.0
0.1205,0.0,32.0,0.0,2.0
0.12060000000000001,0.0,32.0,0.0,2.0
0.1207,0.0,32.0,0.0,2.0
0.12079999999999999,2.0,32.0,0.0,2.0
0.12090000000000001,0.0,32.0,0.0,2.0
0.121,0.0,34.0,0.0,2.0
0.12110000000000001,2.0,32.0,0.0,0.0
0.1212,0.0,32.0,0.0,2.0
0.12129999999999999,0.0,32.0,0.0,2.0
0.12140000000000001,0.0,32.0,0.0,2.0
0.1215,0.0,32.0,0.0,2.0
0.12160000000000001,0.0,32.0,0.0,2.0
0.1217,0.0,32.0,0.0,2.0
0.12179999999999999,0.0,32.0,0.0,2.0
0.12190000000000001,0.0,32.0,0.0,2.0
0.122,0.0,34.0,0.0,2.0
0.12210000000000001,0.0,34.0,0.0,2.0
0.1222,0.0,32.0,0.0,2.0
0.12229999999999999,2.0,34.0,0.0,2.0
0.12240000000000001,0.0,34.0,0.0,2.0
0.1225,0.0,34.0,0.0,2.0
0.12259999999999999,2.0,32.0,2.0,2.0
0.1227,2.0,32.0,0.0,2.0
0.12279999999999999,0.0,32.0,2.0,2.0
0.12290000000000001,0.0,32.0,0.0,2.0
0.123,0.0,32.0,0.0,2.0
0.12309999999999999,0.0,32.0,0.0,2.0
0.1232,0.0,32.0,0.0,2.0
0.12329999999999999,0.0,32.0,0.0,2.0
0.12340000000000001,0.0,32.0,0.0,2.0
0.1235,0.0,32.0,0.0,2.0
0.12359999999999999,0.0,32.0,2.0,2.0
0.1237,0.0,32.0,0.0,2.0
0.1238,0.0,32.0,0.0,2.0
0.12390000000000001,2.0,32.0,0.0,2.0
0.124,0.0,34.0,0.0,2.0
0.12409999999999999,0.0,34.0,0.0,2.0
0.1242,0.0,32.0,0.0,2.0
0.1243,0.0,32.0,0.0,2.0
0.12440000000000001,0.0,32.0,0.0,2.0
0.1245,0.0,34.0,0.0,2.0
