Time (s),CH1_Voltage (V),CH2_Voltage (V),CH3_Voltage (V),CH4_Voltage (V)
0.0,0.0,0.0,0.0,2.0
0.001,0.0,0.0,0.0,2.0
0.002,0.0,32.0,0.0,2.0
0.003,0.0,32.0,0.0,2.0
0.004,0.0,32.0,0.0,2.0
0.005,0.0,34.0,0.0,2.0
0.006,0.0,34.0,0.0,2.0
0.007,0.0,34.0,0.0,2.0
0.008,0.0,32.0,0.0,2.0
0.009000000000000001,2.0,32.0,0.0,34.0
0.01,0.0,32.0,0.0,34.0
0.011,0.0,34.0,0.0,34.0
0.012,0.0,34.0,0.0,34.0
0.013000000000000001,0.0,32.0,0.0,34.0
0.014,0.0,32.0,0.0,34.0
0.015,0.0,32.0,0.0,34.0
0.016,0.0,32.0,0.0,34.0
0.017,0.0,34.0,0.0,34.0
0.018000000000000002,0.0,32.0,0.0,34.0
0.019,0.0,32.0,0.0,34.0
0.02,2.0,32.0,0.0,34.0
0.021,0.0,32.0,0.0,34.0
0.022,0.0,34.0,0.0,34.0
0.023,0.0,32.0,0.0,34.0
0.024,0.0,34.0,0.0,36.0
0.025,0.0,34.0,0.0,36.0
0.026000000000000002,0.0,34.0,0.0,36.0
0.027,0.0,32.0,0.0,34.0
0.028,0.0,34.0,0.0,34.0
0.029,0.0,34.0,0.0,34.0
0.03,0.0,32.0,0.0,34.0
0.031,0.0,32.0,0.0,34.0
0.032,0.0,32.0,0.0,34.0
0.033,0.0,32.0,0.0,34.0
0.034,0.0,32.0,0.0,34.0
0.035,0.0,34.0,0.0,34.0
0.036000000000000004,0.0,34.0,0.0,34.0
0.037,0.0,34.0,0.0,34.0
0.038,0.0,34.0,0.0,34.0
0.039,2.0,32.0,0.0,34.0
0.04,0.0,32.0,0.0,34.0
0.041,0.0,34.0,0.0,34.0
0.042,0.0,34.0,0.0,34.0
0.043000000000000003,0.0,32.0,0.0,34.0
0.044,0.0,32.0,2.0,34.0
0.045,0.0,34.0,0.0,34.0
0.046,0.0,34.0,0.0,34.0
0.047,0.0,32.0,0.0,34.0
0.048,0.0,32.0,0.0,34.0
0.049,0.0,32.0,0.0,34.0
0.05,0.0,34.0,0.0,34.0
0.051000000000000004,0.0,34.0,0.0,34.0
0.052000000000000005,0.0,34.0,2.0,34.0
0.053,0.0,34.0,0.0,34.0
0.054,0.0,32.0,0.0,34.0
0.055,0.0,32.0,0.0,34.0
0.056,0.0,34.0,0.0,34.0
0.057,0.0,32.0,0.0,34.0
0.058,0.0,34.0,0.0,34.0
0.059000000000000004,0.0,32.0,0.0,34.0
0.06,0.0,32.0,0.0,34.0
0.061,0.0,32.0,0.0,34.0
0.062,0.0,32.0,0.0,36.0
0.063,0.0,34.0,0.0,34.0
0.064,0.0,32.0,0.0,34.0
0.065,0.0,34.0,2.0,34.0
0.066,0.0,32.0,0.0,34.0
0.067,0.0,34.0,0.0,34.0
0.068,0.0,32.0,0.0,34.0
0.069,0.0,32.0,0.0,34.0
0.07,0.0,32.0,0.0,34.0
0.07100000000000001,0.0,34.0,0.0,34.0
0.07200000000000001,0.0,34.0,0.0,34.0
0.073,0.0,34.0,0.0,34.0
0.074,0.0,32.0,0.0,34.0
0.075,0.0,32.0,0.0,34.0
0.076,0.0,34.0,0.0,36.0
0.077,0.0,32.0,0.0,36.0
0.078,0.0,32.0,0.0,34.0
0.079,0.0,32.0,0.0,34.0
0.08,0.0,32.0,0.0,34.0
0.081,0.0,32.0,2.0,34.0
0.082,0.0,32.0,0.0,34.0
0.083,0.0,32.0,0.0,34.0
0.084,0.0,32.0,0.0,34.0
0.085,0.0,34.0,0.0,34.0
0.08600000000000001,0.0,32.0,0.0,36.0
0.08700000000000001,0.0,32.0,0.0,34.0
0.088,2.0,32.0,0.0,34.0
0.089,0.0,32.0,2.0,34.0
0.09,0.0,32.0,0.0,34.0
0.091,0.0,32.0,0.0,34.0
0.092,0.0,32.0,2.0,34.0
0.093,0.0,32.0,0.0,34.0
0.094,0.0,34.0,0.0,34.0
0.095,0.0,32.0,0.0,34.0
0.096,0.0,32.0,0.0,34.0
0.097,0.0,32.0,0.0,34.0
0.098,0.0,32.0,0.0,34.0
0.099,0.0,32.0,0.0,34.0
0.1,0.0,34.0,0.0,34.0
0.101,0.0,34.0,2.0,34.0
0.10200000000000001,0.0,32.0,2.0,34.0
0.10300000000000001,2.0,34.0,0.0,36.0
0.10400000000000001,0.0,32.0,0.0,34.0
0.105,0.0,32.0,0.0,34.0
0.106,0.0,32.0,0.0,34.0
0.107,0.0,32.0,0.0,34.0
0.108,0.0,34.0,0.0,34.0
0.109,0.0,32.0,0.0,34.0
0.11,0.0,34.0,0.0,36.0
0.111,0.0,32.0,0.0,34.0
0.112,0.0,32.0,0.0,34.0
0.113,0.0,34.0,0.0,34.0
0.114,0.0,34.0,0.0,34.0
0.115,0.0,32.0,0.0,34.0
0.116,2.0,32.0,0.0,34.0
0.117,0.0,32.0,0.0,2.0
0.11800000000000001,0.0,34.0,2.0,2.0
0.11900000000000001,0.0,34.0,0.0,2.0
0.12,0.0,32.0,0.0,2.0
0.121,0.0,32.0,0.0,2.0
0.122,0.0,34.0,0.0,2.0
0.123,0.0,34.0,0.0,2.0
0.124,0.0,34.0,0.0,2.0
0.125,0.0,34.0,34.0,2.0
0.126,0.0,32.0,34.0,2.0
0.127,0.0,32.0,34.0,2.0
0.128,2.0,0.0,34.0,2.0
0.129,0.0,0.0,34.0,2.0
0.13,0.0,0.0,34.0,2.0
0.131,0.0,0.0,34.0,2.0
0.132,0.0,0.0,34.0,2.0
0.133,0.0,0.0,34.0,2.0
0.134,0.0,0.0,34.0,2.0
0.135,0.0,0.0,34.0,2.0
0.136,0.0,0.0,34.0,2.0
0.137,0.0,0.0,34.0,2.0
0.138,0.0,2.0,34.0,2.0
0.139,0.0,0.0,34.0,2.0
0.14,0.0,0.0,34.0,2.0
0.14100000000000001,2.0,0.0,34.0,2.0
0.14200000000000002,0.0,0.0,0.0,2.0
0.14300000000000002,50.0,0.0,0.0,2.0
0.14400000000000002,50.0,0.0,0.0,2.0
0.145,48.0,0.0,0.0,2.0
0.146,50.0,0.0,0.0,2.0
0.147,50.0,0.0,0.0,2.0
0.148,50.0,0.0,0.0,2.0
0.149,50.0,0.0,0.0,2.0
0.15,50.0,2.0,0.0,2.0
0.151,50.0,0.0,0.0,2.0
0.152,50.0,0.0,0.0,2.0
0.153,50.0,0.0,0.0,2.0
0.154,50.0,0.0,0.0,2.0
0.155,50.0,0.0,0.0,2.0
0.156,50.0,2.0,0.0,2.0
0.157,50.0,0.0,2.0,2.0
0.158,50.0,0.0,0.0,2.0
0.159,50.0,0.0,0.0,2.0
0.16,50.0,0.0,2.0,2.0
0.161,50.0,0.0,0.0,2.0
0.162,50.0,0.0,0.0,2.0
0.163,50.0,2.0,0.0,2.0
0.164,50.0,0.0,0.0,2.0
0.165,50.0,0.0,0.0,2.0
0.166,50.0,0.0,0.0,2.0
0.167,50.0,0.0,0.0,2.0
0.168,50.0,0.0,0.0,2.0
0.169,50.0,0.0,0.0,2.0
0.17,50.0,0.0,0.0,2.0
0.171,50.0,0.0,0.0,2.0
0.17200000000000001,50.0,0.0,0.0,2.0
0.17300000000000001,50.0,0.0,0.0,2.0
0.17400000000000002,50.0,0.0,0.0,2.0
0.17500000000000002,50.0,2.0,0.0,2.0
0.176,50.0,0.0,0.0,2.0
0.177,50.0,0.0,2.0,2.0
0.178,50.0,0.0,0.0,2.0
0.179,50.0,0.0,0.0,2.0
0.18,50.0,0.0,0.0,2.0
0.181,50.0,0.0,0.0,2.0
0.182,50.0,2.0,0.0,2.0
0.183,50.0,0.0,0.0,2.0
0.184,50.0,0.0,0.0,2.0
0.185,50.0,0.0,0.0,2.0
0.186,50.0,0.0,2.0,2.0
0.187,50.0,0.0,0.0,2.0
0.188,50.0,0.0,0.0,2.0
0.189,50.0,0.0,0.0,2.0
0.19,50.0,0.0,2.0,2.0
0.191,50.0,2.0,0.0,2.0
0.192,50.0,0.0,0.0,2.0
0.193,48.0,2.0,2.0,2.0
0.194,50.0,0.0,0.0,2.0
0.195,50.0,0.0,0.0,2.0
0.196,50.0,0.0,0.0,2.0
0.197,50.0,0.0,0.0,2.0
0.198,50.0,0.0,0.0,2.0
0.199,50.0,0.0,0.0,2.0
0.2,50.0,0.0,0.0,2.0
0.201,50.0,0.0,0.0,2.0
0.202,50.0,0.0,0.0,2.0
0.203,50.0,2.0,0.0,2.0
0.20400000000000001,50.0,0.0,0.0,2.0
0.20500000000000002,50.0,0.0,2.0,2.0
0.20600000000000002,50.0,0.0,0.0,2.0
0.20700000000000002,50.0,0.0,0.0,2.0
0.20800000000000002,50.0,0.0,2.0,2.0
0.209,50.0,0.0,0.0,2.0
0.21,50.0,0.0,0.0,2.0
0.211,50.0,2.0,0.0,2.0
0.212,50.0,2.0,0.0,2.0
0.213,50.0,2.0,0.0,0.0
0.214,50.0,0.0,0.0,2.0
0.215,50.0,0.0,0.0,2.0
0.216,50.0,0.0,0.0,2.0
0.217,50.0,2.0,0.0,2.0
0.218,50.0,0.0,0.0,2.0
0.219,50.0,0.0,0.0,2.0
0.22,50.0,2.0,0.0,2.0
0.221,50.0,0.0,0.0,2.0
0.222,50.0,0.0,0.0,2.0
0.223,50.0,0.0,0.0,2.0
0.224,50.0,0.0,0.0,2.0
0.225,50.0,0.0,0.0,2.0
0.226,50.0,0.0,0.0,2.0
0.227,50.0,0.0,0.0,0.0
0.228,50.0,0.0,0.0,2.0
0.229,50.0,0.0,0.0,2.0
0.23,48.0,0.0,0.0,2.0
0.231,50.0,0.0,0.0,2.0
0.232,50.0,0.0,0.0,2.0
0.233,50.0,0.0,0.0,2.0
0.234,50.0,0.0,0.0,0.0
0.23500000000000001,50.0,0.0,0.0,2.0
0.23600000000000002,50.0,0.0,0.0,2.0
0.23700000000000002,50.0,0.0,0.0,2.0
0.23800000000000002,50.0,0.0,0.0,2.0
0.23900000000000002,50.0,0.0,0.0,2.0
0.24,50.0,0.0,0.0,2.0
0.241,50.0,0.0,0.0,2.0
0.242,48.0,0.0,0.0,2.0
0.243,2.0,0.0,0.0,2.0
0.244,0.0,0.0,2.0,2.0
0.245,0.0,0.0,0.0,2.0
0.246,0.0,32.0,0.0,2.0
0.247,0.0,34.0,2.0,2.0
0.248,0.0,32.0,2.0,2.0
0.249,2.0,32.0,0.0,2.0
0.25,0.0,32.0,0.0,2.0
0.251,0.0,32.0,0.0,2.0
0.252,0.0,32.0,0.0,2.0
0.253,0.0,34.0,0.0,2.0
0.254,0.0,32.0,0.0,34.0
0.255,0.0,34.0,0.0,34.0
0.256,0.0,34.0,0.0,34.0
0.257,0.0,34.0,0.0,34.0
0.258,0.0,32.0,0.0,34.0
0.259,0.0,34.0,0.0,34.0
0.26,0.0,32.0,0.0,34.0
0.261,0.0,34.0,0.0,34.0
0.262,0.0,34.0,0.0,34.0
0.263,0.0,32.0,0.0,36.0
0.264,0.0,32.0,0.0,34.0
0.265,0.0,34.0,0.0,34.0
0.266,0.0,34.0,0.0,34.0
0.267,0.0,32.0,0.0,34.0
0.268,0.0,32.0,0.0,34.0
0.269,0.0,34.0,0.0,34.0
0.27,0.0,34.0,0.0,34.0
0.271,0.0,32.0,0.0,34.0
0.272,0.0,34.0,0.0,36.0
0.273,0.0,32.0,0.0,34.0
0.274,0.0,32.0,0.0,34.0
0.275,0.0,32.0,0.0,34.0
0.276,0.0,32.0,2.0,34.0
0.277,0.0,34.0,0.0,34.0
0.278,0.0,34.0,2.0,34.0
0.279,0.0,32.0,0.0,34.0
0.28,0.0,32.0,0.0,34.0
0.281,0.0,32.0,0.0,34.0
0.28200000000000003,2.0,34.0,0.0,34.0
0.28300000000000003,0.0,34.0,0.0,34.0
0.28400000000000003,0.0,34.0,0.0,34.0
0.28500000000000003,0.0,32.0,0.0,34.0
0.28600000000000003,0.0,34.0,0.0,34.0
0.28700000000000003,0.0,32.0,0.0,36.0
0.28800000000000003,0.0,34.0,0.0,34.0
0.289,0.0,34.0,0.0,34.0
0.29,0.0,34.0,0.0,34.0
0.291,0.0,32.0,0.0,34.0
0.292,0.0,34.0,0.0,34.0
0.293,0.0,32.0,0.0,34.0
0.294,0.0,32.0,0.0,34.0
0.295,0.0,32.0,0.0,34.0
0.296,0.0,34.0,0.0,34.0
0.297,2.0,32.0,0.0,34.0
0.298,0.0,32.0,0.0,34.0
0.299,0.0,32.0,0.0,34.0
0.3,0.0,32.0,2.0,36.0
0.301,0.0,34.0,0.0,34.0
0.302,0.0,32.0,0.0,34.0
0.303,0.0,32.0,0.0,34.0
0.304,0.0,34.0,0.0,34.0
0.305,0.0,34.0,0.0,34.0
0.306,0.0,34.0,0.0,34.0
0.307,0.0,34.0,0.0,34.0
0.308,0.0,34.0,0.0,34.0
0.309,0.0,34.0,0.0,36.0
0.31,2.0,32.0,0.0,34.0
0.311,0.0,32.0,0.0,34.0
0.312,0.0,32.0,0.0,34.0
0.313,0.0,32.0,0.0,36.0
0.314,0.0,32.0,0.0,34.0
0.315,0.0,34.0,0.0,34.0
0.316,0.0,32.0,0.0,32.0
0.317,0.0,32.0,0.0,34.0
0.318,0.0,32.0,0.0,34.0
0.319,0.0,32.0,0.0,34.0
0.32,0.0,32.0,0.0,34.0
0.321,0.0,32.0,0.0,34.0
0.322,2.0,32.0,0.0,34.0
0.323,0.0,32.0,0.0,34.0
0.324,0.0,32.0,0.0,34.0
0.325,0.0,32.0,0.0,34.0
0.326,0.0,34.0,0.0,34.0
0.327,0.0,32.0,0.0,34.0
0.328,0.0,32.0,0.0,34.0
0.329,0.0,32.0,0.0,34.0
0.33,0.0,32.0,0.0,34.0
0.331,0.0,32.0,2.0,34.0
0.332,0.0,34.0,0.0,34.0
0.333,0.0,34.0,0.0,34.0
0.334,0.0,34.0,0.0,34.0
0.335,0.0,32.0,0.0,34.0
0.336,0.0,34.0,2.0,34.0
0.337,0.0,34.0,0.0,34.0
0.338,0.0,34.0,0.0,34.0
0.339,0.0,32.0,0.0,34.0
0.34,2.0,34.0,0.0,34.0
0.341,2.0,32.0,0.0,34.0
0.342,0.0,34.0,0.0,34.0
0.343,0.0,32.0,0.0,34.0
0.34400000000000003,0.0,32.0,0.0,34.0
0.34500000000000003,2.0,34.0,0.0,34.0
0.34600000000000003,0.0,32.0,0.0,34.0
0.34700000000000003,0.0,34.0,0.0,34.0
0.34800000000000003,0.0,32.0,0.0,34.0
0.34900000000000003,0.0,32.0,0.0,34.0
0.35000000000000003,0.0,34.0,0.0,34.0
0.35100000000000003,0.0,32.0,0.0,34.0
0.352,0.0,32.0,0.0,34.0
0.353,0.0,32.0,0.0,34.0
0.354,0.0,32.0,0.0,34.0
0.355,0.0,34.0,0.0,34.0
0.356,0.0,32.0,0.0,34.0
0.357,0.0,32.0,0.0,34.0
0.358,0.0,34.0,0.0,34.0
0.359,0.0,32.0,0.0,34.0
0.36,0.0,32.0,0.0,2.0
0.361,0.0,32.0,0.0,2.0
0.362,0.0,32.0,0.0,2.0
0.363,0.0,32.0,0.0,2.0
0.364,0.0,32.0,0.0,2.0
0.365,0.0,32.0,34.0,2.0
0.366,0.0,34.0,34.0,2.0
0.367,0.0,32.0,34.0,0.0
0.368,0.0,0.0,34.0,2.0
0.369,0.0,0.0,34.0,2.0
0.37,0.0,0.0,34.0,2.0
0.371,0.0,0.0,34.0,2.0
0.372,0.0,0.0,34.0,2.0
0.373,0.0,0.0,36.0,2.0
0.374,0.0,0.0,34.0,2.0
0.375,0.0,0.0,34.0,2.0
0.376,0.0,0.0,34.0,2.0
0.377,0.0,0.0,34.0,2.0
0.378,0.0,2.0,34.0,0.0
0.379,0.0,0.0,34.0,2.0
0.38,50.0,0.0,0.0,2.0
0.381,50.0,0.0,0.0,2.0
0.382,50.0,0.0,0.0,2.0
0.383,50.0,0.0,0.0,2.0
0.384,50.0,0.0,0.0,2.0
0.385,50.0,0.0,0.0,2.0
0.386,50.0,0.0,0.0,2.0
0.387,50.0,0.0,0.0,2.0
0.388,50.0,0.0,0.0,2.0
0.389,50.0,0.0,2.0,2.0
0.39,50.0,0.0,0.0,2.0
0.391,50.0,2.0,0.0,2.0
0.392,50.0,0.0,0.0,2.0
0.393,50.0,0.0,0.0,2.0
0.394,50.0,0.0,0.0,2.0
0.395,50.0,0.0,0.0,2.0
0.396,50.0,0.0,0.0,2.0
0.397,50.0,0.0,0.0,2.0
0.398,50.0,0.0,0.0,2.0
0.399,50.0,0.0,0.0,2.0
0.4,50.0,0.0,0.0,2.0
0.401,50.0,0.0,0.0,2.0
0.402,50.0,0.0,0.0,2.0
0.403,50.0,0.0,2.0,2.0
0.404,50.0,0.0,0.0,2.0
0.405,50.0,0.0,0.0,2.0
0.406,50.0,0.0,0.0,2.0
0.40700000000000003,48.0,0.0,0.0,2.0
0.40800000000000003,50.0,0.0,0.0,2.0
0.40900000000000003,50.0,0.0,0.0,2.0
0.41000000000000003,50.0,0.0,0.0,2.0
0.41100000000000003,50.0,0.0,0.0,2.0
0.41200000000000003,50.0,0.0,0.0,2.0
0.41300000000000003,50.0,0.0,0.0,2.0
0.41400000000000003,50.0,0.0,0.0,2.0
0.41500000000000004,50.0,0.0,0.0,2.0
0.41600000000000004,50.0,0.0,0.0,2.0
0.417,50.0,0.0,0.0,2.0
0.418,50.0,0.0,0.0,2.0
0.419,50.0,0.0,0.0,2.0
0.42,50.0,0.0,0.0,2.0
0.421,50.0,0.0,0.0,2.0
0.422,50.0,0.0,0.0,2.0
0.423,50.0,0.0,0.0,2.0
0.424,50.0,0.0,0.0,2.0
0.425,50.0,0.0,0.0,2.0
0.426,48.0,0.0,0.0,2.0
0.427,50.0,0.0,0.0,2.0
0.428,50.0,0.0,0.0,2.0
0.429,50.0,0.0,0.0,2.0
0.43,50.0,0.0,0.0,2.0
0.431,50.0,0.0,0.0,2.0
0.432,50.0,0.0,0.0,2.0
0.433,50.0,0.0,0.0,2.0
0.434,50.0,0.0,0.0,2.0
0.435,50.0,0.0,0.0,2.0
0.436,50.0,0.0,0.0,2.0
0.437,50.0,0.0,0.0,2.0
0.438,50.0,0.0,0.0,2.0
0.439,48.0,0.0,0.0,2.0
0.44,50.0,2.0,0.0,2.0
0.441,50.0,0.0,0.0,2.0
0.442,50.0,0.0,0.0,2.0
0.443,50.0,0.0,0.0,2.0
0.444,50.0,0.0,0.0,2.0
0.445,50.0,0.0,2.0,2.0
0.446,50.0,0.0,0.0,2.0
0.447,50.0,0.0,0.0,2.0
0.448,50.0,0.0,2.0,2.0
0.449,50.0,0.0,0.0,2.0
0.45,50.0,0.0,0.0,2.0
0.451,50.0,0.0,0.0,2.0
0.452,50.0,0.0,2.0,2.0
0.453,50.0,0.0,0.0,2.0
0.454,50.0,0.0,0.0,2.0
0.455,50.0,0.0,0.0,2.0
0.456,50.0,0.0,0.0,2.0
0.457,50.0,2.0,0.0,2.0
0.458,50.0,0.0,0.0,2.0
0.459,50.0,0.0,0.0,2.0
0.46,50.0,0.0,0.0,2.0
0.461,50.0,0.0,2.0,2.0
0.462,50.0,0.0,0.0,2.0
0.463,50.0,0.0,0.0,2.0
0.464,50.0,0.0,0.0,2.0
0.465,50.0,0.0,0.0,2.0
0.466,50.0,0.0,0.0,2.0
0.467,50.0,2.0,0.0,2.0
0.468,50.0,2.0,0.0,0.0
0.46900000000000003,50.0,0.0,0.0,2.0
0.47000000000000003,50.0,0.0,0.0,2.0
0.47100000000000003,50.0,0.0,0.0,2.0
0.47200000000000003,50.0,0.0,0.0,2.0
0.47300000000000003,50.0,0.0,2.0,2.0
0.47400000000000003,50.0,0.0,0.0,2.0
0.47500000000000003,52.0,0.0,0.0,2.0
0.47600000000000003,50.0,0.0,0.0,2.0
0.47700000000000004,50.0,0.0,0.0,2.0
0.47800000000000004,50.0,0.0,0.0,2.0
0.47900000000000004,50.0,0.0,0.0,2.0
0.48,0.0,0.0,0.0,2.0
0.481,0.0,0.0,0.0,2.0
0.482,0.0,32.0,0.0,2.0
0.483,0.0,32.0,0.0,2.0
0.484,0.0,34.0,0.0,2.0
0.485,0.0,34.0,0.0,2.0
0.486,0.0,32.0,0.0,2.0
0.487,0.0,34.0,0.0,2.0
0.488,0.0,32.0,0.0,2.0
0.489,0.0,32.0,0.0,2.0
0.49,2.0,32.0,2.0,34.0
0.491,0.0,34.0,0.0,34.0
0.492,0.0,32.0,0.0,34.0
0.493,0.0,32.0,0.0,34.0
0.494,0.0,32.0,0.0,34.0
0.495,0.0,32.0,0.0,34.0
0.496,0.0,32.0,0.0,34.0
0.497,0.0,34.0,0.0,34.0
0.498,0.0,32.0,0.0,34.0
0.499,0.0,32.0,0.0,34.0
0.5,0.0,32.0,0.0,34.0
0.501,0.0,34.0,0.0,34.0
0.502,0.0,34.0,0.0,34.0
0.503,0.0,32.0,0.0,34.0
0.504,0.0,34.0,0.0,34.0
0.505,2.0,32.0,0.0,34.0
0.506,0.0,34.0,0.0,36.0
0.507,0.0,32.0,0.0,34.0
0.508,0.0,32.0,0.0,36.0
0.509,0.0,32.0,0.0,34.0
0.51,0.0,34.0,0.0,34.0
0.511,0.0,34.0,0.0,36.0
0.512,0.0,32.0,0.0,36.0
0.513,0.0,32.0,0.0,34.0
0.514,2.0,32.0,0.0,34.0
0.515,0.0,34.0,0.0,34.0
0.516,0.0,32.0,0.0,34.0
0.517,0.0,32.0,2.0,36.0
0.518,0.0,34.0,0.0,34.0
0.519,0.0,34.0,0.0,34.0
0.52,0.0,32.0,0.0,34.0
0.521,0.0,32.0,0.0,34.0
0.522,0.0,34.0,0.0,34.0
0.523,0.0,32.0,0.0,34.0
0.524,0.0,32.0,0.0,34.0
0.525,0.0,32.0,0.0,34.0
0.526,0.0,32.0,2.0,34.0
0.527,0.0,32.0,0.0,34.0
0.528,0.0,32.0,0.0,34.0
0.529,0.0,32.0,0.0,34.0
0.53,0.0,32.0,0.0,34.0
0.531,2.0,34.0,0.0,34.0
0.532,0.0,32.0,0.0,34.0
0.533,0.0,32.0,0.0,34.0
0.534,0.0,32.0,0.0,34.0
0.535,0.0,32.0,0.0,34.0
0.536,0.0,32.0,0.0,34.0
0.537,0.0,32.0,0.0,34.0
0.538,0.0,32.0,0.0,34.0
0.539,0.0,32.0,0.0,34.0
0.54,0.0,32.0,0.0,34.0
0.541,0.0,32.0,0.0,34.0
0.542,0.0,32.0,0.0,34.0
0.543,0.0,32.0,0.0,34.0
0.544,0.0,32.0,0.0,34.0
0.545,0.0,32.0,0.0,34.0
0.546,2.0,34.0,0.0,34.0
0.547,0.0,34.0,0.0,34.0
0.548,0.0,34.0,0.0,34.0
0.549,0.0,32.0,0.0,34.0
0.55,0.0,34.0,0.0,34.0
0.551,0.0,32.0,0.0,34.0
0.552,0.0,34.0,0.0,34.0
0.553,0.0,32.0,0.0,34.0
0.554,0.0,32.0,0.0,34.0
0.555,0.0,32.0,0.0,34.0
0.556,0.0,32.0,0.0,34.0
0.557,2.0,32.0,0.0,34.0
0.558,2.0,32.0,0.0,34.0
0.559,0.0,34.0,0.0,34.0
0.56,0.0,34.0,0.0,34.0
0.561,0.0,32.0,2.0,34.0
0.562,0.0,32.0,0.0,34.0
0.5630000000000001,0.0,32.0,0.0,34.0
0.5640000000000001,0.0,34.0,0.0,34.0
0.5650000000000001,0.0,32.0,0.0,34.0
0.5660000000000001,0.0,34.0,0.0,34.0
0.5670000000000001,0.0,34.0,0.0,34.0
0.5680000000000001,0.0,34.0,0.0,34.0
0.5690000000000001,2.0,32.0,0.0,34.0
0.5700000000000001,0.0,32.0,0.0,34.0
0.5710000000000001,0.0,34.0,0.0,34.0
0.5720000000000001,0.0,32.0,0.0,34.0
0.5730000000000001,0.0,34.0,0.0,34.0
0.5740000000000001,0.0,32.0,0.0,34.0
0.5750000000000001,0.0,32.0,0.0,34.0
0.5760000000000001,0.0,32.0,0.0,34.0
0.577,0.0,32.0,0.0,34.0
0.578,0.0,32.0,0.0,34.0
0.579,2.0,34.0,0.0,34.0
0.58,0.0,32.0,0.0,34.0
0.581,2.0,32.0,0.0,34.0
0.582,0.0,32.0,0.0,34.0
0.583,0.0,34.0,0.0,34.0
0.584,0.0,32.0,0.0,34.0
0.585,0.0,32.0,0.0,34.0
0.586,0.0,32.0,0.0,34.0
0.587,0.0,32.0,0.0,34.0
0.588,0.0,32.0,0.0,34.0
0.589,0.0,32.0,0.0,36.0
0.59,0.0,32.0,0.0,34.0
0.591,0.0,34.0,0.0,36.0
0.592,0.0,32.0,0.0,34.0
0.593,0.0,32.0,0.0,36.0
0.594,0.0,32.0,0.0,34.0
0.595,0.0,32.0,0.0,34.0
0.596,0.0,34.0,2.0,34.0
0.597,0.0,34.0,0.0,2.0
0.598,0.0,34.0,0.0,2.0
0.599,0.0,34.0,0.0,2.0
0.6,0.0,32.0,0.0,2.0
0.601,0.0,32.0,2.0,2.0
0.602,0.0,32.0,34.0,2.0
0.603,0.0,34.0,34.0,2.0
0.604,0.0,32.0,34.0,2.0
0.605,0.0,0.0,34.0,2.0
0.606,0.0,0.0,34.0,2.0
0.607,0.0,0.0,34.0,2.0
0.608,2.0,0.0,34.0,2.0
0.609,0.0,0.0,34.0,2.0
0.61,0.0,0.0,34.0,2.0
0.611,0.0,0.0,34.0,0.0
0.612,0.0,0.0,34.0,2.0
0.613,2.0,0.0,34.0,2.0
0.614,0.0,0.0,34.0,2.0
0.615,0.0,0.0,34.0,2.0
0.616,0.0,0.0,34.0,2.0
0.617,50.0,0.0,0.0,2.0
0.618,50.0,0.0,0.0,2.0
0.619,50.0,2.0,0.0,2.0
0.62,50.0,0.0,0.0,2.0
0.621,50.0,0.0,0.0,2.0
0.622,50.0,0.0,0.0,2.0
0.623,50.0,0.0,0.0,2.0
0.624,50.0,0.0,0.0,0.0
0.625,50.0,0.0,0.0,2.0
0.626,50.0,0.0,0.0,2.0
0.627,50.0,0.0,0.0,2.0
0.628,50.0,0.0,0.0,2.0
0.629,50.0,0.0,0.0,2.0
0.63,50.0,0.0,0.0,2.0
0.631,50.0,0.0,0.0,2.0
0.632,50.0,0.0,0.0,2.0
0.633,50.0,0.0,0.0,2.0
0.634,50.0,0.0,0.0,2.0
0.635,50.0,0.0,0.0,2.0
0.636,50.0,0.0,0.0,2.0
0.637,50.0,0.0,0.0,2.0
0.638,50.0,0.0,0.0,2.0
0.639,50.0,0.0,0.0,2.0
0.64,50.0,0.0,0.0,2.0
0.641,50.0,0.0,0.0,2.0
0.642,50.0,0.0,0.0,2.0
0.643,50.0,2.0,0.0,2.0
0.644,50.0,0.0,2.0,2.0
0.645,50.0,0.0,0.0,2.0
0.646,50.0,0.0,0.0,2.0
0.647,50.0,0.0,0.0,2.0
0.648,50.0,0.0,0.0,0.0
0.649,50.0,0.0,0.0,2.0
0.65,50.0,0.0,0.0,2.0
0.651,50.0,0.0,0.0,2.0
0.652,50.0,0.0,0.0,2.0
0.653,50.0,0.0,0.0,2.0
0.654,50.0,0.0,0.0,2.0
0.655,50.0,0.0,0.0,2.0
0.656,50.0,0.0,0.0,2.0
0.657,50.0,0.0,0.0,2.0
0.658,50.0,0.0,0.0,2.0
0.659,50.0,0.0,0.0,2.0
0.66,50.0,0.0,0.0,2.0
0.661,50.0,0.0,0.0,2.0
0.662,50.0,0.0,0.0,2.0
0.663,50.0,0.0,0.0,2.0
0.664,50.0,0.0,0.0,2.0
0.665,50.0,0.0,0.0,2.0
0.666,50.0,0.0,0.0,2.0
0.667,50.0,0.0,0.0,2.0
0.668,50.0,0.0,0.0,2.0
0.669,50.0,0.0,0.0,2.0
0.67,50.0,0.0,0.0,2.0
0.671,50.0,0.0,0.0,2.0
0.672,50.0,0.0,0.0,2.0
0.673,50.0,0.0,0.0,2.0
0.674,50.0,0.0,0.0,2.0
0.675,50.0,0.0,0.0,2.0
0.676,48.0,0.0,0.0,2.0
0.677,50.0,0.0,0.0,2.0
0.678,50.0,0.0,0.0,2.0
0.679,50.0,0.0,0.0,2.0
0.68,50.0,2.0,0.0,2.0
0.681,50.0,0.0,0.0,2.0
0.682,50.0,0.0,0.0,2.0
0.683,50.0,0.0,0.0,2.0
0.684,50.0,0.0,0.0,2.0
0.685,50.0,0.0,0.0,2.0
0.686,50.0,0.0,0.0,2.0
0.687,50.0,0.0,0.0,2.0
0.6880000000000001,50.0,0.0,0.0,2.0
0.6890000000000001,50.0,0.0,0.0,2.0
0.6900000000000001,50.0,0.0,0.0,2.0
0.6910000000000001,50.0,2.0,0.0,2.0
0.6920000000000001,50.0,0.0,0.0,2.0
0.6930000000000001,50.0,0.0,0.0,2.0
0.6940000000000001,50.0,0.0,0.0,2.0
0.6950000000000001,48.0,0.0,0.0,2.0
0.6960000000000001,50.0,0.0,0.0,2.0
0.6970000000000001,50.0,0.0,0.0,2.0
0.6980000000000001,50.0,0.0,0.0,2.0
0.6990000000000001,50.0,0.0,0.0,2.0
0.7000000000000001,50.0,0.0,0.0,2.0
0.7010000000000001,50.0,0.0,0.0,2.0
0.7020000000000001,50.0,0.0,0.0,2.0
0.7030000000000001,50.0,0.0,0.0,2.0
0.704,50.0,0.0,0.0,2.0
0.705,50.0,0.0,0.0,2.0
0.706,50.0,0.0,0.0,2.0
0.707,50.0,0.0,0.0,2.0
0.708,50.0,0.0,0.0,2.0
0.709,50.0,0.0,0.0,2.0
0.71,50.0,0.0,0.0,2.0
0.711,50.0,0.0,0.0,2.0
0.712,50.0,0.0,0.0,2.0
0.713,50.0,0.0,0.0,2.0
0.714,50.0,0.0,0.0,2.0
0.715,50.0,0.0,0.0,2.0
0.716,50.0,0.0,0.0,2.0
0.717,0.0,0.0,0.0,2.0
0.718,0.0,0.0,0.0,2.0
0.719,0.0,34.0,0.0,2.0
0.72,0.0,32.0,0.0,2.0
0.721,0.0,32.0,0.0,2.0
0.722,0.0,32.0,0.0,2.0
0.723,0.0,34.0,0.0,2.0
0.724,0.0,32.0,0.0,2.0
0.725,0.0,34.0,0.0,2.0
0.726,0.0,34.0,0.0,2.0
0.727,0.0,32.0,0.0,36.0
0.728,0.0,32.0,0.0,34.0
0.729,0.0,34.0,0.0,34.0
0.73,0.0,34.0,0.0,34.0
0.731,0.0,32.0,0.0,36.0
0.732,0.0,32.0,2.0,34.0
0.733,2.0,32.0,0.0,34.0
0.734,0.0,32.0,0.0,34.0
0.735,2.0,34.0,0.0,34.0
0.736,0.0,34.0,0.0,34.0
0.737,0.0,32.0,0.0,34.0
0.738,0.0,32.0,0.0,34.0
0.739,0.0,34.0,0.0,34.0
0.74,0.0,32.0,0.0,34.0
0.741,0.0,34.0,0.0,34.0
0.742,0.0,32.0,0.0,34.0
0.743,0.0,32.0,0.0,34.0
0.744,0.0,34.0,0.0,34.0
0.745,0.0,34.0,0.0,34.0
0.746,0.0,32.0,0.0,34.0
0.747,0.0,32.0,0.0,34.0
0.748,0.0,32.0,0.0,34.0
0.749,0.0,34.0,0.0,34.0
0.75,2.0,32.0,0.0,34.0
0.751,0.0,32.0,0.0,34.0
0.752,0.0,34.0,2.0,34.0
0.753,0.0,32.0,0.0,34.0
0.754,2.0,32.0,0.0,34.0
0.755,0.0,32.0,0.0,34.0
0.756,0.0,34.0,0.0,34.0
0.757,0.0,32.0,0.0,34.0
0.758,2.0,32.0,0.0,34.0
0.759,0.0,32.0,0.0,34.0
0.76,0.0,32.0,0.0,34.0
0.761,0.0,32.0,0.0,34.0
0.762,0.0,34.0,0.0,34.0
0.763,0.0,32.0,0.0,34.0
0.764,0.0,32.0,0.0,34.0
0.765,0.0,32.0,0.0,34.0
0.766,2.0,32.0,0.0,34.0
0.767,0.0,32.0,0.0,34.0
0.768,0.0,32.0,0.0,34.0
0.769,0.0,32.0,0.0,34.0
0.77,0.0,32.0,0.0,34.0
0.771,0.0,32.0,0.0,34.0
0.772,0.0,34.0,0.0,34.0
0.773,0.0,34.0,0.0,34.0
0.774,0.0,32.0,0.0,36.0
0.775,0.0,34.0,0.0,34.0
0.776,0.0,32.0,0.0,34.0
0.777,0.0,32.0,0.0,34.0
0.778,0.0,34.0,0.0,34.0
0.779,0.0,34.0,0.0,34.0
0.78,2.0,34.0,0.0,34.0
0.781,0.0,32.0,0.0,34.0
0.782,0.0,32.0,0.0,34.0
0.783,0.0,32.0,0.0,34.0
0.784,0.0,32.0,0.0,34.0
0.785,0.0,34.0,0.0,34.0
0.786,0.0,32.0,0.0,34.0
0.787,0.0,34.0,0.0,34.0
0.788,0.0,34.0,0.0,34.0
0.789,0.0,32.0,0.0,34.0
0.79,0.0,32.0,0.0,34.0
0.791,0.0,32.0,0.0,34.0
0.792,0.0,34.0,0.0,34.0
0.793,0.0,34.0,0.0,34.0
0.794,0.0,32.0,2.0,34.0
0.795,0.0,34.0,0.0,34.0
0.796,0.0,34.0,0.0,36.0
0.797,0.0,32.0,0.0,34.0
0.798,0.0,32.0,0.0,34.0
0.799,0.0,32.0,0.0,34.0
0.8,0.0,34.0,0.0,34.0
0.801,0.0,32.0,0.0,34.0
0.802,0.0,34.0,0.0,34.0
0.803,0.0,32.0,0.0,34.0
0.804,0.0,34.0,0.0,34.0
0.805,0.0,32.0,0.0,34.0
0.806,2.0,34.0,0.0,34.0
0.807,0.0,32.0,0.0,34.0
0.808,0.0,34.0,0.0,34.0
0.809,0.0,32.0,0.0,36.0
0.81,0.0,32.0,0.0,34.0
0.811,0.0,34.0,0.0,34.0
0.812,0.0,32.0,0.0,34.0
0.8130000000000001,0.0,32.0,0.0,34.0
0.8140000000000001,0.0,34.0,0.0,34.0
0.8150000000000001,0.0,32.0,0.0,34.0
0.8160000000000001,0.0,32.0,0.0,34.0
0.8170000000000001,0.0,32.0,0.0,34.0
0.8180000000000001,0.0,32.0,0.0,36.0
0.8190000000000001,0.0,34.0,0.0,34.0
0.8200000000000001,0.0,32.0,0.0,34.0
0.8210000000000001,0.0,34.0,0.0,34.0
0.8220000000000001,2.0,32.0,0.0,34.0
0.8230000000000001,0.0,32.0,0.0,34.0
0.8240000000000001,0.0,32.0,0.0,34.0
0.8250000000000001,0.0,34.0,0.0,36.0
0.8260000000000001,0.0,32.0,0.0,34.0
0.8270000000000001,0.0,32.0,0.0,34.0
0.8280000000000001,0.0,34.0,0.0,34.0
0.8290000000000001,0.0,34.0,0.0,34.0
0.8300000000000001,0.0,32.0,0.0,34.0
0.8310000000000001,0.0,32.0,0.0,34.0
0.8320000000000001,0.0,32.0,0.0,34.0
0.833,0.0,32.0,0.0,2.0
0.834,0.0,32.0,0.0,2.0
0.835,0.0,32.0,0.0,2.0
0.836,0.0,32.0,2.0,2.0
0.837,0.0,32.0,0.0,2.0
0.838,0.0,34.0,0.0,2.0
0.839,0.0,32.0,34.0,2.0
0.84,0.0,34.0,34.0,2.0
0.841,0.0,32.0,34.0,2.0
0.842,0.0,0.0,34.0,2.0
0.843,0.0,0.0,34.0,2.0
0.844,0.0,0.0,34.0,2.0
0.845,0.0,0.0,34.0,2.0
0.846,0.0,0.0,34.0,2.0
0.847,2.0,0.0,36.0,2.0
0.848,2.0,0.0,34.0,2.0
0.849,0.0,0.0,34.0,2.0
0.85,0.0,0.0,34.0,2.0
0.851,0.0,0.0,34.0,2.0
0.852,0.0,0.0,34.0,2.0
0.853,0.0,0.0,36.0,2.0
0.854,50.0,0.0,0.0,2.0
0.855,50.0,0.0,0.0,2.0
0.856,50.0,0.0,0.0,2.0
0.857,50.0,0.0,0.0,2.0
0.858,50.0,0.0,0.0,2.0
0.859,50.0,0.0,0.0,2.0
0.86,50.0,0.0,0.0,2.0
0.861,50.0,0.0,0.0,2.0
0.862,50.0,0.0,0.0,2.0
0.863,50.0,0.0,0.0,2.0
0.864,50.0,0.0,0.0,2.0
0.865,50.0,0.0,0.0,0.0
0.866,50.0,0.0,0.0,2.0
0.867,50.0,0.0,0.0,2.0
0.868,50.0,0.0,0.0,2.0
0.869,50.0,0.0,0.0,2.0
0.87,50.0,0.0,0.0,2.0
0.871,50.0,0.0,0.0,2.0
0.872,50.0,0.0,0.0,2.0
0.873,50.0,0.0,0.0,2.0
0.874,-376.0,-284.0,0.0,2.0
0.875,-376.0,-284.0,0.0,2.0
0.876,-376.0,-284.0,0.0,2.0
0.877,-376.0,-284.0,0.0,2.0
0.878,-376.0,-284.0,0.0,2.0
0.879,-376.0,-284.0,0.0,2.0
0.88,-376.0,-284.0,2.0,0.0
0.881,-376.0,-284.0,0.0,2.0
0.882,-376.0,-284.0,-206.0,-106.0
0.883,-376.0,-284.0,-206.0,-106.0
0.884,-376.0,-284.0,-206.0,-106.0
0.885,-376.0,-284.0,-206.0,-106.0
0.886,-376.0,-284.0,-206.0,-106.0
0.887,-376.0,-284.0,-206.0,-106.0
0.888,-376.0,-284.0,-206.0,-106.0
0.889,-376.0,-284.0,-206.0,-106.0
0.89,-376.0,-284.0,-206.0,-106.0
0.891,-376.0,-284.0,-206.0,-106.0
0.892,-376.0,-284.0,-206.0,-106.0
0.893,-376.0,-284.0,-206.0,-106.0
0.894,-376.0,-284.0,-206.0,-106.0
0.895,-376.0,-284.0,-206.0,-106.0
0.896,-376.0,-284.0,-206.0,-106.0
0.897,-376.0,-284.0,-206.0,-106.0
0.898,-376.0,-284.0,-206.0,-106.0
0.899,-376.0,-284.0,-206.0,-106.0
0.9,-376.0,-284.0,-206.0,-106.0
0.901,-376.0,-284.0,-206.0,-106.0
0.902,-376.0,-284.0,-206.0,-106.0
0.903,-376.0,-284.0,-206.0,-106.0
0.904,-376.0,-284.0,-206.0,-106.0
0.905,-376.0,-284.0,-206.0,-106.0
0.906,-376.0,-284.0,-206.0,-106.0
0.907,-376.0,-284.0,-206.0,-106.0
0.908,-376.0,-284.0,-206.0,-106.0
0.909,-376.0,-284.0,-206.0,-106.0
0.91,-376.0,-284.0,-206.0,-106.0
0.911,-376.0,-284.0,-206.0,-106.0
0.912,-376.0,-284.0,-206.0,-106.0
0.913,-376.0,-284.0,-206.0,-106.0
0.914,-376.0,-284.0,-206.0,-106.0
0.915,-376.0,-284.0,-206.0,-106.0
0.916,-376.0,-284.0,-206.0,-106.0
0.917,-376.0,-284.0,-206.0,-106.0
0.918,-376.0,-284.0,-206.0,-106.0
0.919,-376.0,-284.0,-206.0,-106.0
0.92,-376.0,-284.0,-206.0,-106.0
0.921,-376.0,-284.0,-206.0,-106.0
0.922,-376.0,-284.0,-206.0,-106.0
0.923,-376.0,-284.0,-206.0,-106.0
0.924,-376.0,-284.0,-206.0,-106.0
0.925,-376.0,-284.0,-206.0,-106.0
0.926,-376.0,-284.0,-206.0,-106.0
0.927,-376.0,-284.0,-206.0,-106.0
0.928,-376.0,-284.0,-206.0,-106.0
0.929,-376.0,-284.0,-206.0,-106.0
0.93,-376.0,-284.0,-206.0,-106.0
0.931,-376.0,-284.0,-206.0,-106.0
0.932,-376.0,-284.0,-206.0,-106.0
0.933,-376.0,-284.0,-206.0,-106.0
0.934,-376.0,-284.0,-206.0,-106.0
0.935,-376.0,-284.0,-206.0,-106.0
0.936,-376.0,-284.0,-206.0,-106.0
0.937,-376.0,-284.0,-206.0,-106.0
0.9380000000000001,-376.0,-284.0,-206.0,-106.0
0.9390000000000001,-376.0,-284.0,-206.0,-106.0
0.9400000000000001,-376.0,-284.0,-206.0,-106.0
0.9410000000000001,-376.0,-284.0,-206.0,-106.0
0.9420000000000001,-376.0,-284.0,-206.0,-106.0
0.9430000000000001,-376.0,-284.0,-206.0,-106.0
0.9440000000000001,-376.0,-284.0,-206.0,-106.0
0.9450000000000001,-376.0,-284.0,-206.0,-106.0
0.9460000000000001,-376.0,-284.0,-206.0,-106.0
0.9470000000000001,-376.0,-284.0,-206.0,-106.0
0.9480000000000001,-376.0,-284.0,-206.0,-106.0
0.9490000000000001,-376.0,-284.0,-206.0,-106.0
0.9500000000000001,-376.0,-284.0,-206.0,-106.0
0.9510000000000001,-376.0,-284.0,-206.0,-106.0
0.9520000000000001,-376.0,-284.0,-206.0,-106.0
0.9530000000000001,-376.0,-284.0,-206.0,-106.0
0.9540000000000001,-376.0,-284.0,-206.0,-106.0
0.9550000000000001,-376.0,-284.0,-206.0,-106.0
0.9560000000000001,-376.0,-284.0,-206.0,-106.0
0.9570000000000001,-376.0,-284.0,-206.0,-106.0
0.9580000000000001,-376.0,-284.0,-206.0,-106.0
0.9590000000000001,-376.0,-284.0,-206.0,-106.0
0.96,-376.0,-284.0,-206.0,-106.0
0.961,-376.0,-284.0,-206.0,-106.0
0.962,-376.0,-284.0,-206.0,-106.0
0.963,-376.0,-284.0,-206.0,-106.0
0.964,-376.0,-284.0,-206.0,-106.0
0.965,-376.0,-284.0,-206.0,-106.0
0.966,-376.0,-284.0,-206.0,-106.0
0.967,-376.0,-284.0,-206.0,-106.0
0.968,-376.0,-284.0,-206.0,-106.0
0.969,-376.0,-284.0,-206.0,-106.0
0.97,-376.0,-284.0,-206.0,-106.0
0.971,-376.0,-284.0,-206.0,-106.0
0.972,-376.0,-284.0,-206.0,-106.0
0.973,-376.0,-284.0,-206.0,-106.0
0.974,-376.0,-284.0,-206.0,-106.0
0.975,-376.0,-284.0,-206.0,-106.0
0.976,-376.0,-284.0,-206.0,-106.0
0.977,-376.0,-284.0,-206.0,-106.0
0.978,-376.0,-284.0,-206.0,-106.0
0.979,-376.0,-284.0,-206.0,-106.0
0.98,-376.0,-284.0,-206.0,-106.0
0.981,-376.0,-284.0,-206.0,-106.0
0.982,-376.0,-284.0,-206.0,-106.0
0.983,-376.0,-284.0,-206.0,-106.0
0.984,-376.0,-284.0,-206.0,-106.0
0.985,-376.0,-284.0,-206.0,-106.0
0.986,-376.0,-284.0,-206.0,-106.0
0.987,-376.0,-284.0,-206.0,-106.0
0.988,-376.0,-284.0,-206.0,-106.0
0.989,-376.0,-284.0,-206.0,-106.0
0.99,-376.0,-284.0,-206.0,-106.0
0.991,-376.0,-284.0,-206.0,-106.0
0.992,-376.0,-284.0,-206.0,-106.0
0.993,-376.0,-284.0,-206.0,-106.0
0.994,-376.0,-284.0,-206.0,-106.0
0.995,-376.0,-284.0,-206.0,-106.0
0.996,-376.0,-284.0,-206.0,-106.0
0.997,-376.0,-284.0,-206.0,-106.0
0.998,-376.0,-284.0,-206.0,-106.0
0.999,-376.0,-284.0,-206.0,-106.0
