Time (s),Voltage (V)
-0.1241,0.2
-0.124,0.2
-0.1239,0.0
-0.12380000000000001,0.2
-0.1237,0.0
-0.1236,0.2
-0.1235,0.2
-0.1234,0.2
-0.1233,0.2
-0.1232,0.2
-0.1231,0.2
-0.123,0.0
-0.1229,0.2
-0.1228,0.2
-0.1227,0.2
-0.1226,0.0
-0.1225,0.2
-0.12240000000000001,0.2
-0.1223,0.2
-0.1222,0.2
-0.1221,0.2
-0.122,0.0
-0.12190000000000001,0.2
-0.1218,0.2
-0.1217,0.2
-0.1216,0.2
-0.1215,0.2
-0.12140000000000001,0.0
-0.1213,0.2
-0.1212,0.0
-0.1211,0.2
-0.121,0.2
-0.12090000000000001,0.2
-0.1208,0.2
-0.1207,0.2
-0.1206,0.2
-0.1205,0.2
-0.12040000000000001,0.2
-0.1203,0.2
-0.1202,0.2
-0.1201,0.2
-0.12,0.0
-0.1199,0.2
-0.1198,0.2
-0.1197,0.2
-0.1196,0.0
-0.1195,0.2
-0.1194,0.2
-0.1193,0.2
-0.1192,0.0
-0.1191,0.2
-0.119,0.2
-0.1189,0.2
-0.1188,0.2
-0.1187,0.2
-0.1186,0.2
-0.11850000000000001,0.2
-0.1184,0.0
-0.1183,0.0
-0.1182,0.0
-0.1181,0.2
-0.11800000000000001,0.2
-0.1179,0.2
-0.1178,0.2
-0.1177,0.2
-0.1176,0.2
-0.11750000000000001,0.2
-0.1174,0.2
-0.1173,0.0
-0.1172,0.2
-0.1171,0.2
-0.117,0.2
-0.1169,0.2
-0.1168,0.2
-0.1167,0.2
-0.1166,0.2
-0.1165,0.2
-0.1164,0.2
-0.1163,0.0
-0.1162,0.2
-0.11610000000000001,0.2
-0.116,0.0
-0.1159,0.2
-0.1158,0.2
-0.1157,0.2
-0.11560000000000001,0.2
-0.1155,0.0
-0.1154,0.2
-0.1153,0.2
-0.1152,0.2
-0.11510000000000001,0.2
-0.115,0.2
-0.1149,0.2
-0.1148,0.2
-0.1147,0.2
-0.11460000000000001,0.2
-0.1145,0.2
-0.1144,0.2
-0.1143,0.2
-0.1142,0.2
-0.11410000000000001,0.2
-0.114,0.2
-0.1139,0.2
-0.1138,0.2
-0.1137,0.2
-0.1136,0.2
-0.1135,0.0
-0.1134,0.2
-0.1133,0.2
-0.1132,0.2
-0.1131,0.2
-0.113,0.2
-0.1129,0.2
-0.1128,0.0
-0.1127,0.2
-0.1126,0.2
-0.1125,0.0
-0.1124,0.2
-0.1123,0.2
-0.1122,0.2
-0.1121,0.2
-0.112,0.2
-0.1119,0.2
-0.1118,0.2
-0.1117,0.2
-0.1116,3.4000000000000004
-0.1115,3.4000000000000004
-0.1114,3.4000000000000004
-0.1113,3.4000000000000004
-0.11120000000000001,3.4000000000000004
-0.1111,3.4000000000000004
-0.111,3.4000000000000004
-0.1109,3.4000000000000004
-0.1108,3.4000000000000004
-0.1107,3.4000000000000004
-0.1106,3.4000000000000004
-0.1105,3.4000000000000004
-0.1104,3.4000000000000004
-0.1103,3.4000000000000004
-0.1102,3.4000000000000004
-0.1101,3.4000000000000004
-0.11,3.4000000000000004
-0.1099,3.4000000000000004
-0.10980000000000001,3.4000000000000004
-0.1097,3.4000000000000004
-0.1096,3.4000000000000004
-0.1095,3.4000000000000004
-0.1094,3.4000000000000004
-0.10930000000000001,3.4000000000000004
-0.1092,3.4000000000000004
-0.1091,3.4000000000000004
-0.109,3.4000000000000004
-0.1089,3.4000000000000004
-0.10880000000000001,3.4000000000000004
-0.1087,3.4000000000000004
-0.1086,3.4000000000000004
-0.1085,3.4000000000000004
-0.1084,3.4000000000000004
-0.10830000000000001,3.4000000000000004
-0.1082,3.4000000000000004
-0.1081,3.4000000000000004
-0.108,3.4000000000000004
-0.1079,3.4000000000000004
-0.1078,3.4000000000000004
-0.1077,3.4000000000000004
-0.1076,3.4000000000000004
-0.1075,3.4000000000000004
-0.1074,3.4000000000000004
-0.1073,3.4000000000000004
-0.1072,3.4000000000000004
-0.1071,3.4000000000000004
-0.107,3.4000000000000004
-0.1069,3.4000000000000004
-0.1068,3.4000000000000004
-0.1067,3.4000000000000004
-0.1066,3.4000000000000004
-0.1065,3.4000000000000004
-0.1064,3.4000000000000004
-0.1063,3.4000000000000004
-0.1062,3.4000000000000004
-0.1061,3.4000000000000004
-0.106,3.4000000000000004
-0.1059,3.4000000000000004
-0.1058,3.4000000000000004
-0.1057,3.4000000000000004
-0.1056,3.4000000000000004
-0.1055,3.4000000000000004
-0.1054,3.4000000000000004
-0.1053,3.4000000000000004
-0.1052,3.4000000000000004
-0.1051,3.2
-0.105,3.4000000000000004
-0.1049,3.4000000000000004
-0.1048,3.4000000000000004
-0.1047,3.4000000000000004
-0.1046,3.4000000000000004
-0.10450000000000001,3.4000000000000004
-0.10439999999999999,3.4000000000000004
-0.1043,3.4000000000000004
-0.1042,3.2
-0.1041,3.4000000000000004
-0.10400000000000001,3.4000000000000004
-0.10389999999999999,3.4000000000000004
-0.1038,3.4000000000000004
-0.1037,3.4000000000000004
-0.1036,3.4000000000000004
-0.10350000000000001,3.4000000000000004
-0.1034,3.4000000000000004
-0.1033,3.4000000000000004
-0.1032,3.4000000000000004
-0.1031,3.2
-0.10300000000000001,3.4000000000000004
-0.1029,3.4000000000000004
-0.1028,3.4000000000000004
-0.1027,3.2
-0.1026,3.4000000000000004
-0.10250000000000001,3.4000000000000004
-0.1024,3.4000000000000004
-0.1023,3.4000000000000004
-0.1022,3.4000000000000004
-0.1021,3.4000000000000004
-0.10200000000000001,3.4000000000000004
-0.1019,3.4000000000000004
-0.1018,3.4000000000000004
-0.1017,3.4000000000000004
-0.1016,3.4000000000000004
-0.1015,3.4000000000000004
-0.1014,3.4000000000000004
-0.1013,3.4000000000000004
-0.1012,3.4000000000000004
-0.1011,3.4000000000000004
-0.101,3.4000000000000004
-0.1009,3.4000000000000004
-0.1008,3.4000000000000004
-0.1007,3.4000000000000004
-0.1006,3.4000000000000004
-0.1005,3.4000000000000004
-0.1004,3.4000000000000004
-0.1003,3.4000000000000004
-0.1002,3.4000000000000004
-0.1001,3.4000000000000004
-0.1,3.4000000000000004
-0.0999,3.4000000000000004
-0.0998,3.4000000000000004
-0.0997,3.4000000000000004
-0.0996,3.4000000000000004
-0.0995,3.4000000000000004
-0.0994,3.4000000000000004
-0.0993,3.4000000000000004
-0.0992,3.4000000000000004
-0.0991,3.4000000000000004
-0.099,3.4000000000000004
-0.0989,3.4000000000000004
-0.0988,3.4000000000000004
-0.0987,3.4000000000000004
-0.0986,3.4000000000000004
-0.0985,3.4000000000000004
-0.0984,3.4000000000000004
-0.0983,3.4000000000000004
-0.0982,3.4000000000000004
-0.09809999999999999,3.4000000000000004
-0.098,3.4000000000000004
-0.0979,3.4000000000000004
-0.0978,3.4000000000000004
-0.09770000000000001,3.4000000000000004
-0.09759999999999999,3.4000000000000004
-0.0975,3.4000000000000004
-0.0974,3.4000000000000004
-0.0973,3.4000000000000004
-0.09720000000000001,3.4000000000000004
-0.0971,3.4000000000000004
-0.097,3.4000000000000004
-0.0969,3.4000000000000004
-0.0968,3.2
-0.09670000000000001,3.4000000000000004
-0.0966,3.2
-0.0965,3.4000000000000004
-0.0964,3.4000000000000004
-0.0963,3.4000000000000004
-0.09620000000000001,3.4000000000000004
-0.0961,3.4000000000000004
-0.096,3.4000000000000004
-0.0959,3.4000000000000004
-0.0958,3.4000000000000004
-0.09570000000000001,3.4000000000000004
-0.0956,3.4000000000000004
-0.0955,3.4000000000000004
-0.0954,3.2
-0.0953,3.4000000000000004
-0.0952,3.4000000000000004
-0.0951,3.4000000000000004
-0.095,3.4000000000000004
-0.0949,3.4000000000000004
-0.0948,3.4000000000000004
-0.0947,3.4000000000000004
-0.0946,3.4000000000000004
-0.0945,3.4000000000000004
-0.0944,3.4000000000000004
-0.0943,3.4000000000000004
-0.0942,3.4000000000000004
-0.0941,3.4000000000000004
-0.094,3.4000000000000004
-0.0939,3.4000000000000004
-0.0938,3.4000000000000004
-0.0937,3.4000000000000004
-0.0936,3.4000000000000004
-0.0935,3.4000000000000004
-0.0934,3.4000000000000004
-0.0933,3.4000000000000004
-0.0932,3.4000000000000004
-0.0931,3.4000000000000004
-0.093,3.4000000000000004
-0.0929,3.4000000000000004
-0.0928,3.2
-0.0927,3.4000000000000004
-0.0926,3.4000000000000004
-0.0925,3.4000000000000004
-0.09240000000000001,3.4000000000000004
-0.0923,3.4000000000000004
-0.0922,3.4000000000000004
-0.0921,3.4000000000000004
-0.092,3.4000000000000004
-0.09190000000000001,3.4000000000000004
-0.09179999999999999,3.4000000000000004
-0.0917,3.4000000000000004
-0.0916,3.4000000000000004
-0.0915,3.4000000000000004
-0.09140000000000001,3.4000000000000004
-0.09129999999999999,3.4000000000000004
-0.0912,3.4000000000000004
-0.0911,3.4000000000000004
-0.091,0.2
-0.09090000000000001,0.2
-0.09079999999999999,0.2
-0.0907,0.0
-0.0906,0.2
-0.0905,0.2
-0.09040000000000001,0.2
-0.09029999999999999,0.2
-0.0902,0.0
-0.0901,0.2
-0.09,0.2
-0.08990000000000001,0.0
-0.08979999999999999,0.2
-0.0897,0.2
-0.0896,0.2
-0.0895,0.2
-0.08940000000000001,0.2
-0.08929999999999999,0.0
-0.0892,0.2
-0.0891,0.2
-0.089,0.2
-0.0889,0.2
-0.08879999999999999,0.2
-0.0887,0.2
-0.0886,0.0
-0.0885,0.2
-0.0884,0.2
-0.0883,0.2
-0.0882,0.2
-0.0881,0.2
-0.088,0.2
-0.0879,0.2
-0.0878,0.2
-0.0877,0.2
-0.0876,0.2
-0.0875,0.2
-0.0874,0.2
-0.0873,0.0
-0.0872,0.2
-0.0871,0.2
-0.087,0.2
-0.0869,0.2
-0.0868,0.2
-0.0867,0.2
-0.08660000000000001,0.2
-0.0865,0.2
-0.0864,0.2
-0.0863,0.2
-0.0862,0.0
-0.08610000000000001,0.2
-0.086,0.2
-0.0859,0.2
-0.0858,0.2
-0.0857,0.2
-0.08560000000000001,0.0
-0.08549999999999999,0.2
-0.0854,0.2
-0.0853,0.2
-0.0852,0.2
-0.08510000000000001,0.0
-0.08499999999999999,0.2
-0.0849,0.2
-0.0848,0.2
-0.0847,0.2
-0.08460000000000001,0.2
-0.08449999999999999,0.2
-0.0844,0.2
-0.0843,0.0
-0.0842,0.0
-0.08410000000000001,0.2
-0.08399999999999999,0.2
-0.0839,0.2
-0.0838,0.2
-0.0837,0.2
-0.08360000000000001,0.2
-0.08349999999999999,0.0
-0.0834,0.2
-0.0833,0.2
-0.0832,0.2
-0.08310000000000001,0.2
-0.08299999999999999,0.0
-0.0829,0.2
-0.0828,0.2
-0.0827,0.2
-0.0826,0.2
-0.08249999999999999,0.2
-0.0824,0.2
-0.0823,0.2
-0.0822,0.2
-0.0821,0.2
-0.08199999999999999,0.2
-0.0819,0.2
-0.0818,0.2
-0.0817,0.2
-0.0816,0.2
-0.0815,0.2
-0.0814,0.0
-0.0813,0.2
-0.0812,0.2
-0.0811,0.2
-0.081,0.2
-0.0809,0.2
-0.0808,0.2
-0.0807,0.2
-0.0806,0.2
-0.0805,0.2
-0.0804,0.2
-0.08030000000000001,0.0
-0.0802,0.0
-0.0801,0.2
-0.08,0.2
-0.0799,0.2
-0.07980000000000001,0.2
-0.0797,0.2
-0.0796,0.2
-0.0795,0.2
-0.0794,0.2
-0.07930000000000001,0.2
-0.07919999999999999,0.2
-0.0791,0.2
-0.079,0.2
-0.0789,0.2
-0.07880000000000001,0.2
-0.07869999999999999,0.2
-0.0786,0.2
-0.0785,0.2
-0.0784,0.2
-0.07830000000000001,0.2
-0.07819999999999999,0.2
-0.0781,0.2
-0.078,0.2
-0.0779,0.2
-0.07780000000000001,0.2
-0.07769999999999999,0.2
-0.0776,0.2
-0.0775,0.2
-0.0774,0.2
-0.07730000000000001,0.2
-0.07719999999999999,0.2
-0.0771,0.2
-0.077,0.2
-0.0769,0.2
-0.07680000000000001,0.2
-0.07669999999999999,0.2
-0.0766,0.2
-0.0765,0.0
-0.0764,0.2
-0.0763,0.2
-0.07619999999999999,0.2
-0.0761,0.2
-0.076,0.2
-0.0759,0.2
-0.0758,0.2
-0.07569999999999999,0.2
-0.0756,0.2
-0.0755,0.2
-0.0754,0.2
-0.0753,0.2
-0.0752,0.2
-0.0751,3.4000000000000004
-0.075,3.4000000000000004
-0.0749,3.4000000000000004
-0.0748,3.4000000000000004
-0.0747,3.4000000000000004
-0.0746,3.4000000000000004
-0.0745,3.4000000000000004
-0.0744,3.4000000000000004
-0.0743,3.4000000000000004
-0.0742,3.4000000000000004
-0.0741,3.4000000000000004
-0.074,3.4000000000000004
-0.0739,3.4000000000000004
-0.0738,3.4000000000000004
-0.0737,3.4000000000000004
-0.0736,3.4000000000000004
-0.07350000000000001,3.4000000000000004
-0.07339999999999999,3.4000000000000004
-0.0733,3.4000000000000004
-0.0732,3.4000000000000004
-0.0731,3.4000000000000004
-0.07300000000000001,3.4000000000000004
-0.07289999999999999,3.4000000000000004
-0.0728,3.4000000000000004
-0.0727,3.4000000000000004
-0.0726,3.4000000000000004
-0.07250000000000001,3.4000000000000004
-0.07239999999999999,3.4000000000000004
-0.0723,3.4000000000000004
-0.0722,3.4000000000000004
-0.0721,3.6
-0.07200000000000001,3.4000000000000004
-0.07189999999999999,3.4000000000000004
-0.0718,3.4000000000000004
-0.0717,3.4000000000000004
-0.0716,3.4000000000000004
-0.07150000000000001,3.4000000000000004
-0.07139999999999999,3.2
-0.0713,3.4000000000000004
-0.0712,3.4000000000000004
-0.0711,3.4000000000000004
-0.07100000000000001,3.4000000000000004
-0.07089999999999999,3.4000000000000004
-0.0708,3.4000000000000004
-0.0707,3.4000000000000004
-0.0706,3.4000000000000004
-0.07050000000000001,3.4000000000000004
-0.07039999999999999,3.4000000000000004
-0.0703,3.4000000000000004
-0.0702,3.4000000000000004
-0.0701,3.4000000000000004
-0.07,3.4000000000000004
-0.06989999999999999,3.4000000000000004
-0.0698,3.2
-0.0697,3.4000000000000004
-0.0696,3.4000000000000004
-0.0695,3.4000000000000004
-0.06939999999999999,3.4000000000000004
-0.0693,3.4000000000000004
-0.0692,3.4000000000000004
-0.0691,3.4000000000000004
-0.069,3.4000000000000004
-0.06889999999999999,3.4000000000000004
-0.0688,3.4000000000000004
-0.0687,3.4000000000000004
-0.0686,3.4000000000000004
-0.0685,3.2
-0.0684,3.2
-0.0683,3.4000000000000004
-0.0682,3.4000000000000004
-0.0681,3.4000000000000004
-0.068,3.4000000000000004
-0.0679,3.4000000000000004
-0.0678,3.4000000000000004
-0.0677,3.4000000000000004
-0.0676,3.4000000000000004
-0.0675,3.2
-0.0674,3.4000000000000004
-0.0673,3.4000000000000004
-0.0672,3.4000000000000004
-0.06709999999999999,3.4000000000000004
-0.067,3.4000000000000004
-0.0669,3.4000000000000004
-0.0668,3.4000000000000004
-0.06670000000000001,3.4000000000000004
-0.06659999999999999,3.4000000000000004
-0.0665,3.4000000000000004
-0.0664,3.4000000000000004
-0.0663,3.4000000000000004
-0.06620000000000001,3.4000000000000004
-0.06609999999999999,3.4000000000000004
-0.066,3.4000000000000004
-0.0659,3.4000000000000004
-0.0658,3.4000000000000004
-0.06570000000000001,3.4000000000000004
-0.06559999999999999,3.4000000000000004
-0.0655,3.4000000000000004
-0.0654,3.4000000000000004
-0.0653,3.4000000000000004
-0.06520000000000001,3.4000000000000004
-0.06509999999999999,3.4000000000000004
-0.065,3.4000000000000004
-0.0649,3.4000000000000004
-0.0648,3.4000000000000004
-0.06470000000000001,3.4000000000000004
-0.06459999999999999,3.4000000000000004
-0.0645,3.4000000000000004
-0.0644,3.4000000000000004
-0.0643,3.4000000000000004
-0.06420000000000001,3.4000000000000004
-0.06409999999999999,3.2
-0.064,3.4000000000000004
-0.0639,3.4000000000000004
-0.0638,3.4000000000000004
-0.0637,3.4000000000000004
-0.06359999999999999,3.4000000000000004
-0.0635,3.4000000000000004
-0.0634,3.4000000000000004
-0.0633,3.4000000000000004
-0.0632,3.4000000000000004
-0.06309999999999999,3.4000000000000004
-0.063,3.4000000000000004
-0.0629,3.4000000000000004
-0.0628,3.4000000000000004
-0.0627,3.4000000000000004
-0.06259999999999999,3.4000000000000004
-0.0625,3.4000000000000004
-0.0624,3.4000000000000004
-0.0623,3.4000000000000004
-0.0622,3.4000000000000004
-0.0621,3.4000000000000004
-0.062,3.4000000000000004
-0.0619,3.4000000000000004
-0.0618,3.4000000000000004
-0.0617,3.4000000000000004
-0.0616,3.4000000000000004
-0.0615,3.4000000000000004
-0.061399999999999996,3.4000000000000004
-0.06129999999999999,3.4000000000000004
-0.061200000000000004,3.4000000000000004
-0.0611,3.4000000000000004
-0.061,3.4000000000000004
-0.060899999999999996,3.4000000000000004
-0.06079999999999999,3.4000000000000004
-0.060700000000000004,3.4000000000000004
-0.0606,3.4000000000000004
-0.0605,3.4000000000000004
-0.060399999999999995,3.4000000000000004
-0.06029999999999999,3.4000000000000004
-0.060200000000000004,3.4000000000000004
-0.0601,3.4000000000000004
-0.06,3.4000000000000004
-0.059899999999999995,3.4000000000000004
-0.05979999999999999,3.4000000000000004
-0.0597,3.4000000000000004
-0.0596,3.4000000000000004
-0.0595,3.4000000000000004
-0.059399999999999994,3.4000000000000004
-0.059300000000000005,3.4000000000000004
-0.0592,3.4000000000000004
-0.0591,3.4000000000000004
-0.059,3.4000000000000004
-0.058899999999999994,3.4000000000000004
-0.058800000000000005,3.4000000000000004
-0.0587,3.4000000000000004
-0.0586,3.4000000000000004
-0.058499999999999996,3.4000000000000004
-0.058399999999999994,3.4000000000000004
-0.058300000000000005,3.4000000000000004
-0.0582,3.4000000000000004
-0.0581,3.4000000000000004
-0.057999999999999996,3.4000000000000004
-0.05789999999999999,3.4000000000000004
-0.057800000000000004,3.4000000000000004
-0.0577,3.4000000000000004
-0.0576,3.4000000000000004
-0.057499999999999996,3.4000000000000004
-0.05739999999999999,3.4000000000000004
-0.057300000000000004,3.4000000000000004
-0.0572,3.4000000000000004
-0.0571,3.4000000000000004
-0.056999999999999995,3.4000000000000004
-0.05689999999999999,3.4000000000000004
-0.0568,3.4000000000000004
-0.0567,3.4000000000000004
-0.0566,3.4000000000000004
-0.056499999999999995,3.4000000000000004
-0.05639999999999999,3.4000000000000004
-0.0563,3.4000000000000004
-0.0562,3.4000000000000004
-0.0561,3.2
-0.055999999999999994,3.4000000000000004
-0.055900000000000005,3.4000000000000004
-0.0558,3.4000000000000004
-0.0557,3.4000000000000004
-0.0556,3.4000000000000004
-0.055499999999999994,0.0
-0.055400000000000005,0.0
-0.0553,0.2
-0.0552,0.2
-0.055099999999999996,0.2
-0.05499999999999999,0.2
-0.054900000000000004,0.0
-0.0548,0.2
-0.0547,0.2
-0.054599999999999996,0.2
-0.05449999999999999,0.2
-0.054400000000000004,0.0
-0.0543,0.0
-0.0542,0.0
-0.054099999999999995,0.2
-0.05399999999999999,0.2
-0.0539,0.2
-0.0538,0.2
-0.0537,0.2
-0.053599999999999995,0.0
-0.05349999999999999,0.2
-0.0534,0.2
-0.0533,0.2
-0.0532,0.2
-0.053099999999999994,0.0
-0.053000000000000005,0.0
-0.0529,0.2
-0.0528,0.2
-0.0527,0.2
-0.052599999999999994,0.2
-0.052500000000000005,0.2
-0.0524,0.2
-0.0523,0.0
-0.052199999999999996,0.2
-0.052099999999999994,0.2
-0.052000000000000005,0.0
-0.0519,0.0
-0.0518,0.2
-0.051699999999999996,0.2
-0.05159999999999999,0.2
-0.051500000000000004,0.2
-0.0514,0.2
-0.0513,0.2
-0.051199999999999996,0.2
-0.05109999999999999,0.2
-0.051000000000000004,0.2
-0.0509,0.0
-0.0508,0.2
-0.050699999999999995,0.2
-0.05059999999999999,0.2
-0.0505,0.2
-0.0504,0.2
-0.0503,0.2
-0.050199999999999995,0.2
-0.05009999999999999,0.2
-0.05,0.2
-0.0499,0.2
-0.0498,0.2
-0.049699999999999994,0.2
-0.049600000000000005,0.2
-0.0495,0.2
-0.0494,0.2
-0.0493,0.2
-0.049199999999999994,0.2
-0.049100000000000005,0.2
-0.049,0.2
-0.0489,0.2
-0.048799999999999996,0.2
-0.04869999999999999,0.2
-0.048600000000000004,0.2
-0.0485,0.2
-0.0484,0.2
-0.048299999999999996,0.2
-0.04819999999999999,0.2
-0.048100000000000004,0.2
-0.048,0.2
-0.0479,0.2
-0.047799999999999995,0.2
-0.04769999999999999,0.2
-0.0476,0.2
-0.0475,0.2
-0.0474,0.2
-0.047299999999999995,0.2
-0.04719999999999999,0.2
-0.0471,0.2
-0.047,0.2
-0.0469,0.0
-0.046799999999999994,0.0
-0.04669999999999999,0.0
-0.0466,0.2
-0.0465,0.2
-0.0464,0.2
-0.046299999999999994,0.2
-0.046200000000000005,0.0
-0.0461,0.2
-0.046,0.2
-0.045899999999999996,0.2
-0.045799999999999993,0.2
-0.045700000000000005,0.2
-0.0456,0.2
-0.0455,0.2
-0.045399999999999996,0.2
-0.04529999999999999,0.2
-0.045200000000000004,0.2
-0.0451,0.2
-0.045,0.2
-0.044899999999999995,0.2
-0.04479999999999999,0.0
-0.044700000000000004,0.2
-0.0446,0.2
-0.0445,0.2
-0.044399999999999995,0.2
-0.04429999999999999,0.2
-0.0442,0.2
-0.0441,0.2
-0.044,0.2
-0.043899999999999995,0.2
-0.04379999999999999,0.0
-0.0437,0.2
-0.0436,0.0
-0.0435,0.2
-0.043399999999999994,0.2
-0.04329999999999999,0.2
-0.0432,0.2
-0.0431,0.2
-0.043,0.2
-0.042899999999999994,0.2
-0.042800000000000005,0.2
-0.0427,0.2
-0.0426,0.2
-0.042499999999999996,0.2
-0.04239999999999999,0.2
-0.042300000000000004,0.2
-0.0422,0.2
-0.0421,0.0
-0.041999999999999996,0.2
-0.04189999999999999,0.2
-0.041800000000000004,0.0
-0.0417,0.0
-0.0416,0.2
-0.041499999999999995,0.2
-0.04139999999999999,0.2
-0.0413,0.2
-0.0412,0.2
-0.0411,0.2
-0.040999999999999995,0.2
-0.04089999999999999,0.2
-0.0408,0.0
-0.0407,0.2
-0.0406,0.2
-0.040499999999999994,0.2
-0.04039999999999999,0.2
-0.0403,0.2
-0.0402,0.2
-0.0401,0.2
-0.039999999999999994,0.2
-0.03989999999999999,0.2
-0.0398,0.2
-0.0397,0.2
-0.039599999999999996,0.2
-0.03949999999999999,0.2
-0.039400000000000004,0.2
-0.0393,0.2
-0.0392,3.4000000000000004
-0.039099999999999996,3.6
-0.03899999999999999,3.4000000000000004
-0.038900000000000004,3.4000000000000004
-0.0388,3.4000000000000004
-0.0387,3.4000000000000004
-0.038599999999999995,3.4000000000000004
-0.03849999999999999,3.4000000000000004
-0.038400000000000004,3.4000000000000004
-0.0383,3.4000000000000004
-0.0382,3.4000000000000004
-0.038099999999999995,3.4000000000000004
-0.03799999999999999,3.4000000000000004
-0.0379,3.4000000000000004
-0.0378,3.4000000000000004
-0.0377,3.4000000000000004
-0.037599999999999995,3.4000000000000004
-0.03749999999999999,3.4000000000000004
-0.0374,3.4000000000000004
-0.0373,3.4000000000000004
-0.0372,3.4000000000000004
-0.037099999999999994,3.4000000000000004
-0.03699999999999999,3.4000000000000004
-0.0369,3.4000000000000004
-0.0368,3.4000000000000004
-0.036699999999999997,3.4000000000000004
-0.036599999999999994,3.4000000000000004
-0.036500000000000005,3.4000000000000004
-0.0364,3.4000000000000004
-0.0363,3.4000000000000004
-0.036199999999999996,3.4000000000000004
-0.03609999999999999,3.4000000000000004
-0.036000000000000004,3.2
-0.0359,3.4000000000000004
-0.0358,3.4000000000000004
-0.035699999999999996,3.4000000000000004
-0.03559999999999999,3.4000000000000004
-0.035500000000000004,3.4000000000000004
-0.0354,3.4000000000000004
-0.0353,3.4000000000000004
-0.035199999999999995,3.4000000000000004
-0.03509999999999999,3.4000000000000004
-0.035,3.4000000000000004
-0.0349,3.4000000000000004
-0.0348,3.4000000000000004
-0.034699999999999995,3.4000000000000004
-0.03459999999999999,3.4000000000000004
-0.0345,3.4000000000000004
-0.0344,3.4000000000000004
-0.0343,3.4000000000000004
-0.034199999999999994,3.4000000000000004
-0.03409999999999999,3.4000000000000004
-0.034,3.4000000000000004
-0.0339,3.4000000000000004
-0.0338,3.4000000000000004
-0.033699999999999994,3.4000000000000004
-0.03359999999999999,3.4000000000000004
-0.0335,3.4000000000000004
-0.0334,3.4000000000000004
-0.033299999999999996,3.4000000000000004
-0.03319999999999999,3.4000000000000004
-0.033100000000000004,3.4000000000000004
-0.033,3.4000000000000004
-0.0329,3.4000000000000004
-0.032799999999999996,3.4000000000000004
-0.03269999999999999,3.4000000000000004
-0.032600000000000004,3.4000000000000004
-0.0325,3.4000000000000004
-0.0324,3.4000000000000004
-0.032299999999999995,3.4000000000000004
-0.03219999999999999,3.4000000000000004
-0.032100000000000004,3.4000000000000004
-0.032,3.4000000000000004
-0.0319,3.4000000000000004
-0.031799999999999995,3.4000000000000004
-0.03169999999999999,3.4000000000000004
-0.0316,3.4000000000000004
-0.0315,3.4000000000000004
-0.0314,3.4000000000000004
-0.031299999999999994,3.4000000000000004
-0.03119999999999999,3.4000000000000004
-0.031100000000000003,3.4000000000000004
-0.031,3.4000000000000004
-0.030899999999999997,3.4000000000000004
-0.030799999999999994,3.4000000000000004
-0.03069999999999999,3.4000000000000004
-0.030600000000000002,3.4000000000000004
-0.0305,3.4000000000000004
-0.030399999999999996,3.4000000000000004
-0.030299999999999994,3.4000000000000004
-0.03019999999999999,3.4000000000000004
-0.030100000000000002,3.4000000000000004
-0.03,3.4000000000000004
-0.029899999999999996,3.4000000000000004
-0.029799999999999993,3.4000000000000004
-0.029700000000000004,3.4000000000000004
-0.0296,3.4000000000000004
-0.0295,3.4000000000000004
-0.029399999999999996,3.4000000000000004
-0.029299999999999993,3.4000000000000004
-0.029200000000000004,3.4000000000000004
-0.0291,3.4000000000000004
-0.028999999999999998,3.4000000000000004
-0.028899999999999995,3.4000000000000004
-0.028799999999999992,3.4000000000000004
-0.028700000000000003,3.4000000000000004
-0.0286,3.4000000000000004
-0.028499999999999998,3.4000000000000004
-0.028399999999999995,3.4000000000000004
-0.028299999999999992,3.4000000000000004
-0.028200000000000003,3.4000000000000004
-0.0281,3.4000000000000004
-0.027999999999999997,3.4000000000000004
-0.027899999999999994,3.6
-0.02779999999999999,3.2
-0.027700000000000002,3.4000000000000004
-0.0276,3.4000000000000004
-0.027499999999999997,3.4000000000000004
-0.027399999999999994,3.4000000000000004
-0.02729999999999999,3.4000000000000004
-0.027200000000000002,3.4000000000000004
-0.0271,3.4000000000000004
-0.026999999999999996,3.4000000000000004
-0.026899999999999993,3.4000000000000004
-0.02679999999999999,3.4000000000000004
-0.0267,3.4000000000000004
-0.0266,3.4000000000000004
-0.026499999999999996,3.4000000000000004
-0.026399999999999993,3.4000000000000004
-0.026300000000000004,3.4000000000000004
-0.0262,3.4000000000000004
-0.026099999999999998,3.4000000000000004
-0.025999999999999995,3.4000000000000004
-0.025899999999999992,3.4000000000000004
-0.025800000000000003,3.4000000000000004
-0.0257,3.4000000000000004
-0.025599999999999998,3.4000000000000004
-0.025499999999999995,3.4000000000000004
-0.025399999999999992,3.4000000000000004
-0.025300000000000003,3.4000000000000004
-0.0252,3.4000000000000004
-0.025099999999999997,3.4000000000000004
-0.024999999999999994,3.4000000000000004
-0.02489999999999999,3.4000000000000004
-0.024800000000000003,3.4000000000000004
-0.0247,3.4000000000000004
-0.024599999999999997,3.4000000000000004
-0.024499999999999994,3.4000000000000004
-0.02439999999999999,3.4000000000000004
-0.024300000000000002,3.2
-0.0242,3.2
-0.024099999999999996,3.4000000000000004
-0.023999999999999994,3.4000000000000004
-0.02389999999999999,3.4000000000000004
-0.0238,3.4000000000000004
-0.0237,3.4000000000000004
-0.023599999999999996,3.4000000000000004
-0.023499999999999993,3.4000000000000004
-0.02339999999999999,3.4000000000000004
-0.0233,3.4000000000000004
-0.0232,3.4000000000000004
-0.023099999999999996,3.4000000000000004
-0.022999999999999993,3.4000000000000004
-0.022900000000000004,3.4000000000000004
-0.0228,3.4000000000000004
-0.022699999999999998,3.4000000000000004
-0.022599999999999995,3.4000000000000004
-0.022499999999999992,3.4000000000000004
-0.022400000000000003,3.4000000000000004
-0.0223,3.4000000000000004
-0.022199999999999998,3.4000000000000004
-0.022099999999999995,3.4000000000000004
-0.021999999999999992,3.4000000000000004
-0.021900000000000003,3.4000000000000004
-0.0218,3.4000000000000004
-0.021699999999999997,3.4000000000000004
-0.021599999999999994,3.4000000000000004
-0.02149999999999999,3.4000000000000004
-0.021400000000000002,3.4000000000000004
-0.0213,3.6
-0.021199999999999997,3.4000000000000004
-0.021099999999999994,3.4000000000000004
-0.02099999999999999,3.4000000000000004
-0.020900000000000002,3.4000000000000004
-0.0208,3.4000000000000004
-0.020699999999999996,3.4000000000000004
-0.020599999999999993,3.4000000000000004
-0.02049999999999999,3.4000000000000004
-0.0204,3.4000000000000004
-0.0203,3.4000000000000004
-0.020199999999999996,3.2
-0.020099999999999993,3.4000000000000004
-0.020000000000000004,3.4000000000000004
-0.0199,3.4000000000000004
-0.019799999999999998,3.4000000000000004
-0.019699999999999995,3.4000000000000004
-0.019599999999999992,3.4000000000000004
-0.019500000000000003,3.4000000000000004
-0.0194,0.0
-0.019299999999999998,0.2
-0.019199999999999995,0.2
-0.019099999999999992,0.2
-0.019000000000000003,0.2
-0.0189,0.2
-0.018799999999999997,0.2
-0.018699999999999994,0.0
-0.01859999999999999,0.2
-0.018500000000000003,0.2
-0.0184,0.2
-0.018299999999999997,0.2
-0.018199999999999994,0.0
-0.01809999999999999,0.2
-0.018000000000000002,0.2
-0.0179,0.2
-0.017799999999999996,0.2
-0.017699999999999994,0.0
-0.01759999999999999,0.2
-0.0175,0.2
-0.0174,0.2
-0.017299999999999996,0.0
-0.017199999999999993,0.2
-0.01709999999999999,0.2
-0.017,0.0
-0.0169,0.2
-0.016799999999999995,0.0
-0.016699999999999993,0.2
-0.016600000000000004,0.2
-0.0165,0.2
-0.016399999999999998,0.2
-0.016299999999999995,0.2
-0.016199999999999992,0.2
-0.016100000000000003,0.2
-0.016,0.2
-0.015899999999999997,0.0
-0.015799999999999995,0.0
-0.015699999999999992,0.2
-0.015600000000000003,0.2
-0.0155,0.2
-0.015399999999999997,0.2
-0.015299999999999994,0.2
-0.015199999999999991,0.2
-0.015100000000000002,0.2
-0.015,0.0
-0.014899999999999997,0.0
-0.014799999999999994,0.0
-0.01469999999999999,0.0
-0.014600000000000002,0.2
-0.014499999999999999,0.2
-0.014399999999999996,0.2
-0.014299999999999993,0.2
-0.01419999999999999,0.2
-0.014100000000000001,0.2
-0.013999999999999999,0.2
-0.013899999999999996,0.2
-0.013799999999999993,0.2
-0.01369999999999999,0.0
-0.013600000000000001,0.2
-0.013499999999999998,0.2
-0.013399999999999995,0.2
-0.013299999999999992,0.2
-0.013200000000000003,0.2
-0.0131,0.2
-0.012999999999999998,0.2
-0.012899999999999995,0.2
-0.012799999999999992,0.2
-0.012700000000000003,0.2
-0.0126,0.2
-0.012499999999999997,0.2
-0.012399999999999994,0.2
-0.012299999999999991,0.2
-0.012200000000000003,0.2
-0.0121,0.2
-0.011999999999999997,0.2
-0.011899999999999994,0.2
-0.011799999999999991,0.2
-0.011700000000000002,0.2
-0.0116,0.2
-0.011499999999999996,0.0
-0.011399999999999993,0.2
-0.01129999999999999,0.2
-0.011200000000000002,0.2
-0.011099999999999999,0.2
-0.010999999999999996,0.2
-0.010899999999999993,0.2
-0.01079999999999999,0.2
-0.010700000000000001,0.2
-0.010599999999999998,0.2
-0.010499999999999995,0.0
-0.010399999999999993,0.2
-0.01029999999999999,0.2
-0.0102,0.2
-0.010099999999999998,0.2
-0.009999999999999995,0.2
-0.009899999999999992,0.2
-0.009800000000000003,0.0
-0.0097,0.2
-0.009599999999999997,0.2
-0.009499999999999995,0.2
-0.009399999999999992,0.2
-0.009300000000000003,0.2
-0.0092,0.2
-0.009099999999999997,0.2
-0.008999999999999994,0.2
-0.008899999999999991,0.0
-0.008800000000000002,0.2
-0.0087,0.2
-0.008599999999999997,0.2
-0.008499999999999994,0.2
-0.00839999999999999,0.2
-0.008300000000000002,0.2
-0.008199999999999999,0.0
-0.008099999999999996,0.0
-0.007999999999999993,0.0
-0.00789999999999999,0.2
-0.007800000000000001,0.2
-0.0076999999999999985,0.2
-0.007599999999999996,0.2
-0.007499999999999993,0.2
-0.00739999999999999,0.2
-0.007300000000000001,0.2
-0.007199999999999998,0.2
-0.007099999999999995,0.2
-0.006999999999999992,0.2
-0.0068999999999999895,0.0
-0.0068000000000000005,0.2
-0.006699999999999998,0.2
-0.006599999999999995,0.2
-0.006499999999999992,0.2
-0.006400000000000003,0.2
-0.0063,0.2
-0.006199999999999997,0.2
-0.006099999999999994,0.2
-0.0059999999999999915,0.2
-0.0059000000000000025,0.2
-0.0058,0.2
-0.005699999999999997,0.2
-0.005599999999999994,0.0
-0.005499999999999991,0.2
-0.005400000000000002,0.2
-0.005299999999999999,0.2
-0.005199999999999996,0.2
-0.005099999999999993,0.2
-0.0049999999999999906,0.2
-0.004900000000000002,0.0
-0.004799999999999999,0.2
-0.004699999999999996,0.2
-0.004599999999999993,0.2
-0.00449999999999999,0.2
-0.004400000000000001,0.2
-0.004299999999999998,0.2
-0.004199999999999995,0.2
-0.0040999999999999925,0.2
-0.00399999999999999,0.0
-0.0039000000000000007,0.2
-0.003799999999999998,0.0
-0.003699999999999995,0.2
-0.003599999999999992,0.2
-0.003500000000000003,0.2
-0.0034000000000000002,0.2
-0.0032999999999999974,0.2
-0.0031999999999999945,0.2
-0.0030999999999999917,0.2
-0.0030000000000000027,0.2
-0.0029,0.2
-0.002799999999999997,0.2
-0.002699999999999994,0.2
-0.002599999999999991,0.0
-0.0025000000000000022,0.2
-0.0023999999999999994,3.4000000000000004
-0.0022999999999999965,3.4000000000000004
-0.0021999999999999936,3.4000000000000004
-0.0020999999999999908,3.4000000000000004
-0.0020000000000000018,3.4000000000000004
-0.001899999999999999,3.4000000000000004
-0.001799999999999996,3.4000000000000004
-0.0016999999999999932,3.4000000000000004
-0.0015999999999999903,3.4000000000000004
-0.0015000000000000013,3.4000000000000004
-0.0013999999999999985,3.4000000000000004
-0.0012999999999999956,3.4000000000000004
-0.0011999999999999927,3.4000000000000004
-0.0010999999999999899,3.4000000000000004
-0.0010000000000000009,3.4000000000000004
-0.000899999999999998,3.4000000000000004
-0.0007999999999999952,3.4000000000000004
-0.0006999999999999923,3.4000000000000004
-0.0005999999999999894,3.4000000000000004
-0.0005000000000000004,3.4000000000000004
-0.0003999999999999976,3.4000000000000004
-0.0002999999999999947,3.4000000000000004
-0.00019999999999999185,3.4000000000000004
-0.00010000000000000286,3.4000000000000004
0.0,3.4000000000000004
0.00010000000000000286,3.4000000000000004
0.00020000000000000573,3.4000000000000004
0.0003000000000000086,3.4000000000000004
0.0003999999999999976,3.4000000000000004
0.0005000000000000004,3.4000000000000004
0.0006000000000000033,3.4000000000000004
0.0007000000000000062,3.4000000000000004
0.000800000000000009,3.4000000000000004
0.000899999999999998,3.4000000000000004
0.0010000000000000148,3.4000000000000004
0.0011000000000000038,3.4000000000000004
0.0011999999999999927,3.4000000000000004
0.0013000000000000095,3.4000000000000004
0.0013999999999999985,3.4000000000000004
0.0015000000000000152,3.4000000000000004
0.0016000000000000042,3.4000000000000004
0.0016999999999999932,3.4000000000000004
0.00180000000000001,3.4000000000000004
0.001899999999999999,3.4000000000000004
0.0020000000000000157,3.4000000000000004
0.0021000000000000046,3.4000000000000004
0.0021999999999999936,3.4000000000000004
0.0023000000000000104,3.4000000000000004
0.0023999999999999994,3.4000000000000004
0.002500000000000016,3.4000000000000004
0.002600000000000005,3.4000000000000004
0.002699999999999994,3.4000000000000004
0.002800000000000011,3.4000000000000004
0.0029,3.2
0.0030000000000000165,3.4000000000000004
0.0031000000000000055,3.4000000000000004
0.0031999999999999945,3.4000000000000004
0.0033000000000000113,3.4000000000000004
0.0034000000000000002,3.4000000000000004
0.003500000000000017,3.4000000000000004
0.003600000000000006,3.4000000000000004
0.003699999999999995,3.4000000000000004
0.0038000000000000117,3.4000000000000004
0.0039000000000000007,3.4000000000000004
0.004000000000000017,3.4000000000000004
0.004100000000000006,3.4000000000000004
0.004199999999999995,3.4000000000000004
0.004300000000000012,3.4000000000000004
0.004400000000000001,3.4000000000000004
0.004500000000000018,3.4000000000000004
0.004600000000000007,3.4000000000000004
0.004699999999999996,3.4000000000000004
0.004800000000000013,3.4000000000000004
0.004900000000000002,3.4000000000000004
0.0049999999999999906,3.4000000000000004
0.005100000000000007,3.4000000000000004
0.005199999999999996,3.4000000000000004
0.005300000000000013,3.4000000000000004
0.005400000000000002,3.4000000000000004
0.005499999999999991,3.4000000000000004
0.005600000000000008,3.4000000000000004
0.005699999999999997,3.4000000000000004
0.0058000000000000135,3.4000000000000004
0.0059000000000000025,3.4000000000000004
0.0059999999999999915,3.4000000000000004
0.006100000000000008,3.4000000000000004
0.006199999999999997,3.4000000000000004
0.006300000000000014,3.4000000000000004
0.006400000000000003,3.4000000000000004
0.006499999999999992,3.4000000000000004
0.006600000000000009,3.4000000000000004
0.006699999999999998,3.4000000000000004
0.006800000000000014,3.4000000000000004
0.006900000000000003,3.4000000000000004
0.006999999999999992,3.4000000000000004
0.007100000000000009,3.4000000000000004
0.007199999999999998,3.4000000000000004
0.007300000000000015,3.4000000000000004
0.007400000000000004,3.4000000000000004
0.007499999999999993,3.4000000000000004
0.0076000000000000095,3.4000000000000004
0.0076999999999999985,3.4000000000000004
0.007800000000000015,3.4000000000000004
0.007900000000000004,3.4000000000000004
0.007999999999999993,3.4000000000000004
0.00810000000000001,3.4000000000000004
0.008199999999999999,3.4000000000000004
0.008300000000000016,3.4000000000000004
0.008400000000000005,3.4000000000000004
0.008499999999999994,3.4000000000000004
0.00860000000000001,3.4000000000000004
0.0087,3.4000000000000004
0.008800000000000016,3.4000000000000004
0.008900000000000005,3.4000000000000004
0.008999999999999994,3.4000000000000004
0.00910000000000001,3.4000000000000004
0.0092,3.4000000000000004
0.009300000000000017,3.4000000000000004
0.009400000000000006,3.4000000000000004
0.009499999999999995,3.4000000000000004
0.009600000000000011,3.4000000000000004
0.0097,3.4000000000000004
0.009800000000000017,3.4000000000000004
0.009900000000000006,3.4000000000000004
0.009999999999999995,3.4000000000000004
0.010100000000000012,3.4000000000000004
0.0102,3.4000000000000004
0.010300000000000017,3.4000000000000004
0.010400000000000006,3.4000000000000004
0.010499999999999995,3.4000000000000004
0.010600000000000012,3.4000000000000004
0.010700000000000001,3.4000000000000004
0.010800000000000018,3.4000000000000004
0.010900000000000007,3.4000000000000004
0.010999999999999996,3.4000000000000004
0.011100000000000013,3.4000000000000004
0.011200000000000002,3.4000000000000004
0.011300000000000018,3.4000000000000004
0.011400000000000007,3.4000000000000004
0.011499999999999996,3.4000000000000004
0.011600000000000013,3.4000000000000004
0.011700000000000002,3.4000000000000004
0.011799999999999991,3.4000000000000004
0.011900000000000008,3.4000000000000004
0.011999999999999997,3.4000000000000004
0.012100000000000014,3.4000000000000004
0.012200000000000003,3.4000000000000004
0.012299999999999991,3.4000000000000004
0.012400000000000008,3.4000000000000004
0.012499999999999997,3.4000000000000004
0.012600000000000014,3.4000000000000004
0.012700000000000003,3.4000000000000004
0.012799999999999992,3.4000000000000004
0.012900000000000009,3.4000000000000004
0.012999999999999998,3.4000000000000004
0.013100000000000014,3.4000000000000004
0.013200000000000003,3.4000000000000004
0.013299999999999992,3.4000000000000004
0.013400000000000009,3.4000000000000004
0.013499999999999998,3.4000000000000004
0.013600000000000015,3.4000000000000004
0.013700000000000004,3.4000000000000004
0.013799999999999993,3.4000000000000004
0.01390000000000001,3.4000000000000004
0.013999999999999999,3.4000000000000004
0.014100000000000015,3.4000000000000004
0.014200000000000004,3.4000000000000004
0.014299999999999993,3.4000000000000004
0.01440000000000001,3.4000000000000004
0.014499999999999999,3.4000000000000004
0.014600000000000016,3.4000000000000004
0.014700000000000005,3.4000000000000004
0.014799999999999994,3.4000000000000004
0.01490000000000001,3.4000000000000004
0.015,3.2
0.015100000000000016,3.4000000000000004
0.015200000000000005,3.4000000000000004
0.015299999999999994,3.4000000000000004
0.015400000000000011,3.4000000000000004
0.0155,3.4000000000000004
0.015600000000000017,3.4000000000000004
0.015700000000000006,3.4000000000000004
0.015799999999999995,3.4000000000000004
0.01590000000000001,3.4000000000000004
0.016,3.6
0.016100000000000017,3.4000000000000004
0.016200000000000006,3.4000000000000004
0.016299999999999995,3.4000000000000004
0.016400000000000012,3.4000000000000004
0.0165,3.4000000000000004
0.016600000000000018,3.4000000000000004
0.016700000000000007,3.4000000000000004
0.016799999999999995,3.4000000000000004
0.016900000000000012,3.4000000000000004
0.017,3.4000000000000004
0.017100000000000018,3.4000000000000004
0.017200000000000007,3.4000000000000004
0.017299999999999996,3.4000000000000004
0.017400000000000013,3.4000000000000004
0.0175,3.4000000000000004
0.01760000000000002,3.4000000000000004
0.017700000000000007,3.4000000000000004
0.017799999999999996,3.4000000000000004
0.017900000000000013,3.4000000000000004
0.018000000000000002,3.4000000000000004
0.01809999999999999,3.4000000000000004
0.018200000000000008,3.4000000000000004
0.018299999999999997,3.4000000000000004
0.018400000000000014,0.2
0.018500000000000003,0.2
0.01859999999999999,0.2
0.01870000000000001,0.2
0.018799999999999997,0.2
0.018900000000000014,0.2
0.019000000000000003,0.2
0.019099999999999992,0.2
0.01920000000000001,0.2
0.019299999999999998,0.0
0.019400000000000014,0.2
0.019500000000000003,0.2
0.019599999999999992,0.0
0.01970000000000001,0.0
0.019799999999999998,0.2
0.019900000000000015,0.2
0.020000000000000004,0.2
0.020099999999999993,0.2
0.02020000000000001,0.2
0.0203,0.0
0.020400000000000015,0.2
0.020500000000000004,0.2
0.020599999999999993,0.2
0.02070000000000001,0.2
0.0208,0.0
0.020900000000000016,0.2
0.021000000000000005,0.2
0.021099999999999994,0.2
0.02120000000000001,0.0
0.0213,0.2
0.021400000000000016,0.2
0.021500000000000005,0.0
0.021599999999999994,0.0
0.02170000000000001,0.2
0.0218,0.2
0.021900000000000017,0.2
0.022000000000000006,0.2
0.022099999999999995,0.0
0.02220000000000001,0.2
0.0223,0.2
0.022400000000000017,0.2
0.022500000000000006,0.2
0.022599999999999995,0.2
0.022700000000000012,0.0
0.0228,0.2
0.022900000000000018,0.2
0.023000000000000007,0.2
0.023099999999999996,0.2
0.023200000000000012,0.2
0.0233,0.2
0.023400000000000018,0.2
0.023500000000000007,0.0
0.023599999999999996,0.0
0.023700000000000013,0.2
0.0238,0.2
0.02390000000000002,0.2
0.024000000000000007,0.2
0.024099999999999996,0.0
0.024200000000000013,0.2
0.024300000000000002,0.2
0.02440000000000002,0.2
0.024500000000000008,0.2
0.024599999999999997,0.2
0.024700000000000014,0.2
0.024800000000000003,0.2
0.02489999999999999,0.2
0.02500000000000001,0.0
0.025099999999999997,0.2
0.025200000000000014,0.2
0.025300000000000003,0.2
0.025399999999999992,0.0
0.02550000000000001,0.2
0.025599999999999998,0.2
0.025700000000000014,0.2
0.025800000000000003,0.2
0.025899999999999992,0.2
0.02600000000000001,0.2
0.026099999999999998,0.2
0.026200000000000015,0.2
0.026300000000000004,0.2
0.026399999999999993,0.2
0.02650000000000001,0.2
0.0266,0.2
0.026700000000000015,0.0
0.026800000000000004,0.0
0.026899999999999993,0.2
0.02700000000000001,0.0
0.0271,0.2
0.027200000000000016,0.2
0.027300000000000005,0.0
0.027399999999999994,0.2
0.02750000000000001,0.2
0.0276,0.2
0.027700000000000016,0.2
0.027800000000000005,0.2
0.027899999999999994,0.2
0.02800000000000001,0.2
0.0281,0.2
0.028200000000000017,0.2
0.028300000000000006,0.0
0.028399999999999995,0.2
0.02850000000000001,0.0
0.0286,0.2
0.028700000000000017,0.2
0.028800000000000006,0.2
0.028899999999999995,0.2
0.029000000000000012,0.2
0.0291,0.0
0.029200000000000018,0.2
0.029300000000000007,0.2
0.029399999999999996,0.2
0.029500000000000012,0.2
0.0296,0.2
0.029700000000000018,0.2
0.029800000000000007,0.0
0.029899999999999996,0.2
0.030000000000000013,0.2
0.030100000000000002,0.2
0.03020000000000002,0.2
0.030300000000000007,0.0
0.030399999999999996,0.2
0.030500000000000013,0.2
0.030600000000000002,0.0
0.03070000000000002,0.0
0.030800000000000008,0.2
0.030899999999999997,0.2
0.031000000000000014,0.2
0.031100000000000003,0.2
0.03119999999999999,0.2
0.03130000000000001,0.2
0.0314,0.0
0.031500000000000014,0.2
0.0316,0.2
0.03169999999999999,0.2
0.03180000000000001,0.2
0.0319,0.0
0.032000000000000015,0.2
0.032100000000000004,0.2
0.03219999999999999,0.2
0.03230000000000001,0.2
0.0324,0.2
0.032500000000000015,0.2
0.032600000000000004,0.2
0.03269999999999999,0.0
0.03280000000000001,0.2
0.0329,0.2
0.033000000000000015,0.2
0.033100000000000004,0.2
0.03319999999999999,0.2
0.03330000000000001,0.2
0.0334,0.2
0.033500000000000016,0.2
0.033600000000000005,0.0
0.033699999999999994,0.2
0.03380000000000001,0.0
0.0339,0.2
0.034000000000000016,0.2
0.034100000000000005,0.2
0.034199999999999994,0.2
0.03430000000000001,0.2
0.0344,0.2
0.03450000000000002,0.2
0.034600000000000006,0.2
0.034699999999999995,0.2
0.03480000000000001,0.0
0.0349,0.2
0.03500000000000002,0.2
0.035100000000000006,0.2
0.035199999999999995,0.2
0.03530000000000001,0.2
0.0354,0.2
0.03550000000000002,0.2
0.03560000000000001,3.4000000000000004
0.035699999999999996,3.4000000000000004
0.03580000000000001,3.4000000000000004
0.0359,3.4000000000000004
0.03600000000000002,3.4000000000000004
0.03610000000000001,3.4000000000000004
0.036199999999999996,3.4000000000000004
0.03630000000000001,3.4000000000000004
0.0364,3.4000000000000004
0.03650000000000002,3.4000000000000004
0.03660000000000001,3.4000000000000004
0.036699999999999997,3.4000000000000004
0.03680000000000001,3.4000000000000004
0.0369,3.4000000000000004
0.03700000000000002,3.4000000000000004
0.03710000000000001,3.4000000000000004
0.0372,3.4000000000000004
0.037300000000000014,3.4000000000000004
0.0374,3.4000000000000004
0.03750000000000002,3.4000000000000004
0.03760000000000001,3.4000000000000004
0.0377,3.4000000000000004
0.037800000000000014,3.4000000000000004
0.0379,3.4000000000000004
0.03799999999999999,3.4000000000000004
0.03810000000000001,3.4000000000000004
0.0382,3.4000000000000004
0.038300000000000015,3.4000000000000004
0.038400000000000004,3.4000000000000004
0.03849999999999999,3.4000000000000004
0.03860000000000001,3.4000000000000004
0.0387,3.4000000000000004
0.038800000000000015,3.4000000000000004
0.038900000000000004,3.4000000000000004
0.03899999999999999,3.4000000000000004
0.03910000000000001,3.4000000000000004
0.0392,3.4000000000000004
0.039300000000000015,3.4000000000000004
0.039400000000000004,3.4000000000000004
0.03949999999999999,3.4000000000000004
0.03960000000000001,3.4000000000000004
0.0397,3.4000000000000004
0.039800000000000016,3.4000000000000004
0.039900000000000005,3.4000000000000004
0.039999999999999994,3.4000000000000004
0.04010000000000001,3.4000000000000004
0.0402,3.4000000000000004
0.040300000000000016,3.4000000000000004
0.040400000000000005,3.4000000000000004
0.040499999999999994,3.4000000000000004
0.04060000000000001,3.4000000000000004
0.0407,3.4000000000000004
0.04080000000000002,3.4000000000000004
0.040900000000000006,3.4000000000000004
0.040999999999999995,3.4000000000000004
0.04110000000000001,3.4000000000000004
0.0412,3.4000000000000004
0.04130000000000002,3.4000000000000004
0.041400000000000006,3.4000000000000004
0.041499999999999995,3.4000000000000004
0.04160000000000001,3.4000000000000004
0.0417,3.4000000000000004
0.04180000000000002,3.4000000000000004
0.04190000000000001,3.4000000000000004
0.041999999999999996,3.4000000000000004
0.04210000000000001,3.4000000000000004
0.0422,3.4000000000000004
0.04230000000000002,3.4000000000000004
0.04240000000000001,3.4000000000000004
0.042499999999999996,3.4000000000000004
0.04260000000000001,3.4000000000000004
0.0427,3.4000000000000004
0.04280000000000002,3.4000000000000004
0.04290000000000001,3.4000000000000004
0.043,3.4000000000000004
0.04310000000000001,3.4000000000000004
0.0432,3.4000000000000004
0.04330000000000002,3.4000000000000004
0.04340000000000001,3.4000000000000004
0.0435,3.4000000000000004
0.043600000000000014,3.4000000000000004
0.0437,3.4000000000000004
0.04380000000000002,3.4000000000000004
0.04390000000000001,3.4000000000000004
0.044,3.4000000000000004
0.044100000000000014,3.4000000000000004
0.0442,3.4000000000000004
0.04430000000000002,3.4000000000000004
0.04440000000000001,3.4000000000000004
0.0445,3.4000000000000004
0.044600000000000015,3.4000000000000004
0.044700000000000004,3.4000000000000004
0.04479999999999999,3.4000000000000004
0.04490000000000001,3.4000000000000004
0.045,3.4000000000000004
0.045100000000000015,3.4000000000000004
0.045200000000000004,3.4000000000000004
0.04529999999999999,3.4000000000000004
0.04540000000000001,3.2
0.0455,3.4000000000000004
0.045600000000000016,3.4000000000000004
0.045700000000000005,3.4000000000000004
0.045799999999999993,3.4000000000000004
0.04590000000000001,3.4000000000000004
0.046,3.4000000000000004
0.046100000000000016,3.4000000000000004
0.046200000000000005,3.4000000000000004
0.046299999999999994,3.4000000000000004
0.04640000000000001,3.4000000000000004
0.0465,3.4000000000000004
0.046600000000000016,3.4000000000000004
0.046700000000000005,3.4000000000000004
0.046799999999999994,3.4000000000000004
0.04690000000000001,3.4000000000000004
0.047,3.4000000000000004
0.04710000000000002,3.4000000000000004
0.047200000000000006,3.4000000000000004
0.047299999999999995,3.4000000000000004
0.04740000000000001,3.4000000000000004
0.0475,3.4000000000000004
0.04760000000000002,3.4000000000000004
0.047700000000000006,3.4000000000000004
0.047799999999999995,3.4000000000000004
0.04790000000000001,3.4000000000000004
0.048,3.4000000000000004
0.04810000000000002,3.4000000000000004
0.04820000000000001,3.4000000000000004
0.048299999999999996,3.4000000000000004
0.04840000000000001,3.2
0.0485,3.4000000000000004
0.04860000000000002,3.2
0.04870000000000001,3.4000000000000004
0.048799999999999996,3.4000000000000004
0.04890000000000001,3.4000000000000004
0.049,3.4000000000000004
0.04910000000000002,3.4000000000000004
0.04920000000000001,3.4000000000000004
0.0493,3.4000000000000004
0.04940000000000001,3.4000000000000004
0.0495,3.4000000000000004
0.04960000000000002,3.4000000000000004
0.04970000000000001,3.4000000000000004
0.0498,3.4000000000000004
0.049900000000000014,3.4000000000000004
0.05,3.4000000000000004
0.05010000000000002,3.4000000000000004
0.05020000000000001,3.4000000000000004
0.0503,3.4000000000000004
0.050400000000000014,3.4000000000000004
0.0505,3.4000000000000004
0.05060000000000002,3.4000000000000004
0.05070000000000001,3.4000000000000004
0.0508,3.4000000000000004
0.050900000000000015,3.4000000000000004
0.051000000000000004,3.4000000000000004
0.05109999999999999,3.4000000000000004
0.05120000000000001,3.4000000000000004
0.0513,3.4000000000000004
0.051400000000000015,3.4000000000000004
0.051500000000000004,3.4000000000000004
0.05159999999999999,3.4000000000000004
0.05170000000000001,3.4000000000000004
0.0518,3.4000000000000004
0.051900000000000016,3.4000000000000004
0.052000000000000005,3.4000000000000004
0.052099999999999994,3.4000000000000004
0.05220000000000001,3.4000000000000004
0.0523,3.4000000000000004
0.052400000000000016,3.4000000000000004
0.052500000000000005,3.4000000000000004
0.052599999999999994,3.4000000000000004
0.05270000000000001,3.4000000000000004
0.0528,3.4000000000000004
0.052900000000000016,3.4000000000000004
0.053000000000000005,3.4000000000000004
0.053099999999999994,3.4000000000000004
0.05320000000000001,3.4000000000000004
0.0533,3.4000000000000004
0.05340000000000002,3.4000000000000004
0.053500000000000006,3.4000000000000004
0.053599999999999995,3.4000000000000004
0.05370000000000001,3.4000000000000004
0.0538,3.4000000000000004
0.05390000000000002,3.4000000000000004
0.054000000000000006,3.4000000000000004
0.054099999999999995,3.4000000000000004
0.05420000000000001,3.4000000000000004
0.0543,3.4000000000000004
0.05440000000000002,3.4000000000000004
0.05450000000000001,3.4000000000000004
0.054599999999999996,3.4000000000000004
0.05470000000000001,3.4000000000000004
0.0548,3.4000000000000004
0.05490000000000002,3.4000000000000004
0.05500000000000001,3.4000000000000004
0.055099999999999996,3.4000000000000004
0.05520000000000001,3.4000000000000004
0.0553,3.4000000000000004
0.05540000000000002,3.4000000000000004
0.05550000000000001,3.4000000000000004
0.0556,3.4000000000000004
0.05570000000000001,0.2
0.0558,0.0
0.05590000000000002,0.2
0.05600000000000001,0.2
0.0561,0.2
0.056200000000000014,0.2
0.0563,0.2
0.05640000000000002,0.2
0.05650000000000001,0.2
0.0566,0.2
0.056700000000000014,0.2
0.0568,0.2
0.05690000000000002,0.2
0.05700000000000001,0.2
0.0571,0.0
0.057200000000000015,0.2
0.057300000000000004,0.2
0.05740000000000002,0.2
0.05750000000000001,0.2
0.0576,0.2
0.057700000000000015,0.0
0.057800000000000004,0.2
0.05789999999999999,0.2
0.05800000000000001,0.2
0.0581,0.2
0.058200000000000016,0.2
0.058300000000000005,0.0
0.058399999999999994,0.0
0.05850000000000001,0.0
0.0586,0.0
0.058700000000000016,0.2
0.058800000000000005,0.0
0.058899999999999994,0.0
0.05900000000000001,0.2
0.0591,0.0
0.059200000000000016,0.2
0.059300000000000005,0.2
0.059399999999999994,0.0
0.05950000000000001,0.2
0.0596,0.2
0.05970000000000002,0.0
0.059800000000000006,0.2
0.059899999999999995,0.2
0.06000000000000001,0.2
0.0601,0.2
0.06020000000000002,0.2
0.060300000000000006,0.2
0.060399999999999995,0.2
0.06050000000000001,0.0
0.0606,0.2
0.06070000000000002,0.2
0.06080000000000001,0.2
0.060899999999999996,0.2
0.06100000000000001,0.0
0.0611,0.0
0.06120000000000002,0.2
0.06130000000000001,0.0
0.061399999999999996,0.2
0.06150000000000001,0.2
0.0616,0.2
0.06170000000000002,0.2
0.06180000000000001,0.2
0.0619,0.2
0.06200000000000001,0.2
0.0621,0.2
0.06220000000000002,0.2
0.06230000000000001,0.2
0.0624,0.2
0.06250000000000001,0.2
0.0626,0.2
0.06270000000000002,0.2
0.06280000000000001,0.0
0.0629,0.2
0.06300000000000001,0.2
0.0631,0.2
0.06320000000000002,0.2
0.06330000000000001,0.2
0.0634,0.2
0.06350000000000001,0.2
0.0636,0.2
0.06370000000000002,0.2
0.06380000000000001,0.2
0.0639,0.2
0.06400000000000002,0.2
0.0641,0.2
0.0642,0.2
0.06430000000000001,0.2
0.0644,0.2
0.06450000000000002,0.2
0.0646,0.2
0.0647,0.2
0.06480000000000001,0.2
0.0649,0.2
0.06500000000000002,0.2
0.0651,0.2
0.0652,0.0
0.06530000000000001,0.0
0.0654,0.2
0.06550000000000002,0.2
0.0656,0.2
0.0657,0.2
0.06580000000000001,0.2
0.0659,0.0
0.06600000000000002,0.2
0.0661,0.0
0.0662,0.2
0.06630000000000001,0.0
0.0664,0.2
0.06650000000000002,0.2
0.0666,0.2
0.0667,0.2
0.06680000000000001,0.2
0.0669,0.2
0.06700000000000002,0.2
0.0671,0.2
0.0672,0.2
0.06730000000000001,0.2
0.0674,0.2
0.06750000000000002,0.0
0.06760000000000001,0.2
0.0677,0.2
0.06780000000000001,0.2
0.0679,0.2
0.06800000000000002,0.2
0.06810000000000001,0.2
0.0682,0.2
0.06830000000000001,0.2
0.0684,0.2
0.06850000000000002,0.2
0.06860000000000001,0.2
0.0687,0.2
0.06880000000000001,0.0
0.0689,0.2
0.06900000000000002,0.2
0.06910000000000001,0.2
0.0692,0.2
0.06930000000000001,0.0
0.0694,0.2
0.06950000000000002,0.2
0.06960000000000001,0.2
0.0697,0.2
0.06980000000000001,0.2
0.0699,0.2
0.07000000000000002,0.2
0.07010000000000001,0.2
0.0702,0.2
0.07030000000000002,0.2
0.0704,0.2
0.07050000000000002,0.2
0.07060000000000001,0.2
0.0707,0.2
0.07080000000000002,0.2
0.0709,0.2
0.071,0.2
0.07110000000000001,0.2
0.0712,0.2
0.07130000000000002,0.2
0.0714,0.2
0.0715,0.2
0.07160000000000001,0.2
0.0717,0.2
0.07180000000000002,0.2
0.0719,0.2
0.072,0.2
0.07210000000000001,0.0
0.0722,0.2
0.07230000000000002,0.2
0.0724,0.0
0.0725,0.2
0.07260000000000001,0.2
0.0727,0.2
0.07280000000000002,3.4000000000000004
0.0729,3.4000000000000004
0.073,3.4000000000000004
0.07310000000000001,3.4000000000000004
0.0732,3.4000000000000004
0.07330000000000002,3.4000000000000004
0.0734,3.4000000000000004
0.0735,3.4000000000000004
0.07360000000000001,3.4000000000000004
0.0737,3.4000000000000004
0.07380000000000002,3.4000000000000004
0.07390000000000001,3.4000000000000004
0.074,3.4000000000000004
0.07410000000000001,3.4000000000000004
0.0742,3.4000000000000004
0.07430000000000002,3.4000000000000004
0.07440000000000001,3.4000000000000004
0.0745,3.4000000000000004
0.07460000000000001,3.4000000000000004
0.0747,3.4000000000000004
0.07480000000000002,3.4000000000000004
0.07490000000000001,3.4000000000000004
0.075,3.4000000000000004
0.07510000000000001,3.4000000000000004
0.0752,3.4000000000000004
0.07530000000000002,3.4000000000000004
0.07540000000000001,3.4000000000000004
0.0755,3.4000000000000004
0.07560000000000001,3.4000000000000004
0.0757,3.4000000000000004
0.07580000000000002,3.6
0.07590000000000001,3.4000000000000004
0.076,3.4000000000000004
0.07610000000000001,3.4000000000000004
0.0762,3.4000000000000004
0.07630000000000002,3.4000000000000004
0.07640000000000001,3.4000000000000004
0.0765,3.4000000000000004
0.07660000000000002,3.4000000000000004
0.0767,3.4000000000000004
0.07680000000000002,3.4000000000000004
0.07690000000000001,3.4000000000000004
0.077,3.4000000000000004
0.07710000000000002,3.4000000000000004
0.0772,3.4000000000000004
0.07730000000000002,3.4000000000000004
0.07740000000000001,3.4000000000000004
0.0775,3.4000000000000004
0.07760000000000002,3.4000000000000004
0.0777,3.4000000000000004
0.0778,3.4000000000000004
0.07790000000000001,3.4000000000000004
0.078,3.4000000000000004
0.07810000000000002,3.4000000000000004
0.0782,3.4000000000000004
0.0783,3.4000000000000004
0.07840000000000001,3.4000000000000004
0.0785,3.4000000000000004
0.07860000000000002,3.2
0.0787,3.4000000000000004
0.0788,3.4000000000000004
0.07890000000000001,3.2
0.079,3.4000000000000004
0.07910000000000002,3.4000000000000004
0.0792,3.4000000000000004
0.0793,3.4000000000000004
0.07940000000000001,3.4000000000000004
0.0795,3.4000000000000004
0.07960000000000002,3.4000000000000004
0.07970000000000001,3.4000000000000004
0.0798,3.4000000000000004
0.07990000000000001,3.4000000000000004
0.08,3.4000000000000004
0.08010000000000002,3.4000000000000004
0.08020000000000001,3.4000000000000004
0.0803,3.4000000000000004
0.08040000000000001,3.4000000000000004
0.0805,3.4000000000000004
0.08060000000000002,3.2
0.08070000000000001,3.4000000000000004
0.0808,3.4000000000000004
0.08090000000000001,3.4000000000000004
0.081,3.4000000000000004
0.08110000000000002,3.2
0.08120000000000001,3.4000000000000004
0.0813,3.4000000000000004
0.08140000000000001,3.4000000000000004
0.0815,3.4000000000000004
0.08160000000000002,3.4000000000000004
0.08170000000000001,3.4000000000000004
0.0818,3.4000000000000004
0.08190000000000001,3.4000000000000004
0.082,3.4000000000000004
0.08210000000000002,3.4000000000000004
0.08220000000000001,3.4000000000000004
0.0823,3.4000000000000004
0.08240000000000001,3.4000000000000004
0.0825,3.4000000000000004
0.08260000000000002,3.4000000000000004
0.08270000000000001,3.4000000000000004
0.0828,3.4000000000000004
0.08290000000000002,3.4000000000000004
0.083,3.4000000000000004
0.08310000000000002,3.4000000000000004
0.08320000000000001,3.4000000000000004
0.0833,3.4000000000000004
0.08340000000000002,3.4000000000000004
0.0835,3.4000000000000004
0.08360000000000002,3.4000000000000004
0.08370000000000001,3.4000000000000004
0.0838,3.4000000000000004
0.08390000000000002,3.4000000000000004
0.084,3.4000000000000004
0.0841,3.4000000000000004
0.08420000000000001,3.4000000000000004
0.0843,3.4000000000000004
0.08440000000000002,3.4000000000000004
0.0845,3.4000000000000004
0.0846,3.4000000000000004
0.08470000000000001,3.4000000000000004
0.0848,3.4000000000000004
0.08490000000000002,3.4000000000000004
0.085,3.4000000000000004
0.0851,3.4000000000000004
0.08520000000000001,3.4000000000000004
0.0853,3.4000000000000004
0.08540000000000002,3.4000000000000004
0.0855,3.4000000000000004
0.0856,3.4000000000000004
0.08570000000000001,3.4000000000000004
0.0858,3.4000000000000004
0.08590000000000002,3.4000000000000004
0.08600000000000001,3.4000000000000004
0.0861,3.4000000000000004
0.08620000000000001,3.4000000000000004
0.0863,3.4000000000000004
0.08640000000000002,3.4000000000000004
0.08650000000000001,3.4000000000000004
0.0866,3.4000000000000004
0.08670000000000001,3.4000000000000004
0.0868,3.4000000000000004
0.08690000000000002,3.4000000000000004
0.08700000000000001,3.4000000000000004
0.0871,3.4000000000000004
0.08720000000000001,3.4000000000000004
0.0873,3.4000000000000004
0.08740000000000002,3.4000000000000004
0.08750000000000001,3.4000000000000004
0.0876,3.4000000000000004
0.08770000000000001,3.4000000000000004
0.0878,3.4000000000000004
0.08790000000000002,3.4000000000000004
0.08800000000000001,3.4000000000000004
0.0881,3.4000000000000004
0.08820000000000001,3.4000000000000004
0.0883,3.4000000000000004
0.08840000000000002,3.4000000000000004
0.08850000000000001,3.6
0.0886,3.4000000000000004
0.08870000000000001,3.4000000000000004
0.0888,3.4000000000000004
0.08890000000000002,3.4000000000000004
0.08900000000000001,3.4000000000000004
0.0891,3.4000000000000004
0.08920000000000002,3.4000000000000004
0.0893,3.4000000000000004
0.08940000000000002,3.4000000000000004
0.08950000000000001,3.4000000000000004
0.0896,3.4000000000000004
0.08970000000000002,3.4000000000000004
0.0898,3.4000000000000004
0.08990000000000002,3.4000000000000004
0.09000000000000001,3.4000000000000004
0.0901,3.4000000000000004
0.09020000000000002,3.4000000000000004
0.0903,3.4000000000000004
0.09040000000000002,3.4000000000000004
0.09050000000000001,3.4000000000000004
0.0906,3.4000000000000004
0.09070000000000002,3.4000000000000004
0.0908,3.4000000000000004
0.0909,3.4000000000000004
0.09100000000000001,3.4000000000000004
0.0911,3.4000000000000004
0.09120000000000002,3.4000000000000004
0.0913,3.4000000000000004
0.0914,3.4000000000000004
0.09150000000000001,3.4000000000000004
0.0916,3.4000000000000004
0.09170000000000002,3.4000000000000004
0.0918,3.4000000000000004
0.0919,3.2
0.09200000000000001,3.4000000000000004
0.0921,3.4000000000000004
0.09220000000000002,3.4000000000000004
0.09230000000000001,3.4000000000000004
0.0924,3.4000000000000004
0.09250000000000001,3.4000000000000004
0.0926,3.4000000000000004
0.09270000000000002,3.4000000000000004
0.09280000000000001,3.4000000000000004
0.0929,3.4000000000000004
0.09300000000000001,0.2
0.0931,0.0
0.09320000000000002,0.2
0.09330000000000001,0.2
0.0934,0.2
0.09350000000000001,0.2
0.0936,0.2
0.09370000000000002,0.2
0.09380000000000001,0.0
0.0939,0.2
0.09400000000000001,0.2
0.0941,0.2
0.09420000000000002,0.2
0.09430000000000001,0.2
0.0944,0.2
0.09450000000000001,0.2
0.0946,0.2
0.09470000000000002,0.2
0.09480000000000001,0.2
0.0949,0.0
0.09500000000000001,0.2
0.0951,0.2
0.09520000000000002,0.0
0.09530000000000001,0.0
0.0954,0.2
0.09550000000000002,0.0
0.0956,0.0
0.09570000000000002,0.2
0.09580000000000001,0.2
0.0959,0.2
0.09600000000000002,0.0
0.0961,0.2
0.09620000000000002,0.2
0.09630000000000001,0.2
0.0964,0.2
0.09650000000000002,0.2
0.0966,0.2
0.09670000000000002,0.2
0.09680000000000001,0.2
0.0969,0.2
0.09700000000000002,0.2
0.0971,0.2
0.09720000000000002,0.0
0.09730000000000001,0.2
0.0974,0.2
0.09750000000000002,0.2
0.0976,0.2
0.0977,0.2
0.09780000000000001,0.0
0.0979,0.2
0.09800000000000002,0.0
0.0981,0.2
0.0982,0.2
0.09830000000000001,0.2
0.0984,0.2
0.09850000000000002,0.2
0.09860000000000001,0.2
0.0987,0.0
0.09880000000000001,0.2
0.0989,0.2
0.09900000000000002,0.2
0.09910000000000001,0.2
0.0992,0.2
0.09930000000000001,0.2
0.0994,0.2
0.09950000000000002,0.2
0.09960000000000001,0.0
0.0997,0.2
0.09980000000000001,0.2
0.0999,0.2
0.10000000000000002,0.2
0.10010000000000001,0.2
0.1002,0.2
0.10030000000000001,0.2
0.1004,0.2
0.10050000000000002,0.2
0.10060000000000001,0.2
0.1007,0.2
0.10080000000000001,0.2
0.1009,0.2
0.10100000000000002,0.2
0.10110000000000001,0.2
0.1012,0.0
0.10130000000000002,0.2
0.1014,0.2
0.10150000000000002,0.0
0.10160000000000001,0.2
0.1017,0.2
0.10180000000000002,0.2
0.1019,0.0
0.10200000000000002,0.2
0.10210000000000001,0.2
0.1022,0.2
0.10230000000000002,0.0
0.1024,0.0
0.10250000000000002,0.0
0.10260000000000001,0.2
0.1027,0.2
0.10280000000000002,0.2
0.1029,0.2
0.10300000000000002,0.2
0.10310000000000001,0.2
0.1032,0.2
0.10330000000000002,0.2
0.1034,0.2
0.10350000000000002,0.0
0.10360000000000001,0.2
0.1037,0.2
0.10380000000000002,0.2
0.1039,0.2
0.104,0.2
0.10410000000000001,0.0
0.1042,0.2
0.10430000000000002,0.0
0.1044,0.2
0.1045,0.0
0.10460000000000001,0.2
0.1047,0.2
0.10480000000000002,0.2
0.10490000000000001,0.2
0.105,0.2
0.10510000000000001,0.0
0.1052,0.2
0.10530000000000002,0.2
0.10540000000000001,0.2
0.1055,0.2
0.10560000000000001,0.0
0.1057,0.2
0.10580000000000002,0.2
0.10590000000000001,0.2
0.106,0.2
0.10610000000000001,0.2
0.1062,0.2
0.10630000000000002,0.0
0.10640000000000001,0.2
0.1065,0.2
0.10660000000000001,0.2
0.1067,0.0
0.10680000000000002,0.2
0.10690000000000001,0.2
0.107,0.2
0.10710000000000001,0.2
0.1072,0.2
0.10730000000000002,0.2
0.10740000000000001,0.2
0.1075,0.2
0.10760000000000002,0.2
0.1077,0.2
0.10780000000000002,0.2
0.10790000000000001,0.2
0.108,0.2
0.10810000000000002,0.2
0.1082,0.2
0.10830000000000002,0.2
0.10840000000000001,0.0
0.1085,0.2
0.10860000000000002,0.2
0.1087,0.2
0.10880000000000002,3.4000000000000004
0.10890000000000001,3.4000000000000004
0.109,3.4000000000000004
0.10910000000000002,3.4000000000000004
0.1092,3.4000000000000004
0.10930000000000002,3.4000000000000004
0.10940000000000001,3.4000000000000004
0.1095,3.4000000000000004
0.10960000000000002,3.4000000000000004
0.1097,3.4000000000000004
0.10980000000000002,3.4000000000000004
0.10990000000000001,3.2
0.11,3.4000000000000004
0.11010000000000002,3.4000000000000004
0.1102,3.4000000000000004
0.11030000000000002,3.4000000000000004
0.11040000000000001,3.4000000000000004
0.1105,3.4000000000000004
0.11060000000000002,3.4000000000000004
0.1107,3.4000000000000004
0.1108,3.4000000000000004
0.11090000000000001,3.4000000000000004
0.111,3.4000000000000004
0.11110000000000002,3.4000000000000004
0.11120000000000001,3.4000000000000004
0.1113,3.4000000000000004
0.11140000000000001,3.4000000000000004
0.1115,3.4000000000000004
0.11160000000000002,3.4000000000000004
0.11170000000000001,3.4000000000000004
0.1118,3.4000000000000004
0.11190000000000001,3.4000000000000004
0.112,3.4000000000000004
0.11210000000000002,3.4000000000000004
0.11220000000000001,3.4000000000000004
0.1123,3.4000000000000004
0.11240000000000001,3.4000000000000004
0.1125,3.4000000000000004
0.11260000000000002,3.4000000000000004
0.11270000000000001,3.4000000000000004
0.1128,3.4000000000000004
0.11290000000000001,3.4000000000000004
0.113,3.4000000000000004
0.11310000000000002,3.4000000000000004
0.11320000000000001,3.4000000000000004
0.1133,3.4000000000000004
0.11340000000000001,3.4000000000000004
0.1135,3.4000000000000004
0.11360000000000002,3.4000000000000004
0.11370000000000001,3.4000000000000004
0.1138,3.4000000000000004
0.11390000000000002,3.4000000000000004
0.114,3.4000000000000004
0.11410000000000002,3.4000000000000004
0.11420000000000001,3.4000000000000004
0.1143,3.4000000000000004
0.11440000000000002,3.4000000000000004
0.1145,3.4000000000000004
0.11460000000000002,3.4000000000000004
0.11470000000000001,3.4000000000000004
0.1148,3.4000000000000004
0.11490000000000002,3.2
0.115,3.4000000000000004
0.11510000000000002,3.4000000000000004
0.11520000000000001,3.4000000000000004
0.1153,3.4000000000000004
0.11540000000000002,3.4000000000000004
0.1155,3.2
0.11560000000000002,3.4000000000000004
0.11570000000000001,3.4000000000000004
0.1158,3.4000000000000004
0.11590000000000002,3.4000000000000004
0.116,3.4000000000000004
0.11610000000000002,3.4000000000000004
0.11620000000000001,3.4000000000000004
0.1163,3.4000000000000004
0.11640000000000002,3.4000000000000004
0.1165,3.4000000000000004
0.11660000000000002,3.4000000000000004
0.11670000000000001,3.4000000000000004
0.1168,3.4000000000000004
0.11690000000000002,3.4000000000000004
0.117,3.4000000000000004
0.1171,3.4000000000000004
0.11720000000000001,3.4000000000000004
0.1173,3.4000000000000004
0.11740000000000002,3.4000000000000004
0.11750000000000001,3.4000000000000004
0.1176,3.4000000000000004
0.11770000000000001,3.4000000000000004
0.1178,3.4000000000000004
0.11790000000000002,3.2
0.11800000000000001,3.4000000000000004
0.1181,3.4000000000000004
0.11820000000000001,3.4000000000000004
0.1183,3.4000000000000004
0.11840000000000002,3.4000000000000004
0.11850000000000001,3.2
0.1186,3.4000000000000004
0.11870000000000001,3.2
0.1188,3.4000000000000004
0.11890000000000002,3.4000000000000004
0.11900000000000001,3.4000000000000004
0.1191,3.4000000000000004
0.11920000000000001,3.4000000000000004
0.1193,3.4000000000000004
0.11940000000000002,3.4000000000000004
0.11950000000000001,3.4000000000000004
0.1196,3.4000000000000004
0.11970000000000001,3.4000000000000004
0.1198,3.4000000000000004
0.11990000000000002,3.4000000000000004
0.12000000000000001,3.4000000000000004
0.1201,3.4000000000000004
0.12020000000000002,3.4000000000000004
0.1203,3.4000000000000004
0.12040000000000002,3.4000000000000004
0.12050000000000001,3.4000000000000004
0.1206,3.4000000000000004
0.12070000000000002,3.4000000000000004
0.1208,3.4000000000000004
0.12090000000000002,3.4000000000000004
0.12100000000000001,3.4000000000000004
0.1211,3.4000000000000004
0.12120000000000002,3.4000000000000004
0.1213,3.4000000000000004
0.12140000000000002,3.4000000000000004
0.12150000000000001,3.4000000000000004
0.1216,3.4000000000000004
0.12170000000000002,3.4000000000000004
0.1218,3.4000000000000004
0.12190000000000002,3.4000000000000004
0.12200000000000001,3.4000000000000004
0.1221,3.4000000000000004
0.12220000000000002,3.4000000000000004
0.1223,3.4000000000000004
0.12240000000000002,3.4000000000000004
0.12250000000000001,3.4000000000000004
0.1226,3.4000000000000004
0.12270000000000002,3.4000000000000004
0.1228,3.4000000000000004
0.12290000000000002,3.4000000000000004
0.12300000000000001,3.4000000000000004
0.1231,3.4000000000000004
0.12320000000000002,3.4000000000000004
0.1233,3.4000000000000004
0.12340000000000002,3.4000000000000004
0.12350000000000001,3.4000000000000004
0.1236,3.4000000000000004
0.12370000000000002,3.4000000000000004
0.12380000000000001,3.4000000000000004
0.1239,3.4000000000000004
0.12400000000000001,3.4000000000000004
0.1241,3.4000000000000004
0.12420000000000002,3.4000000000000004
0.12430000000000001,3.4000000000000004
0.1244,3.4000000000000004
0.12450000000000001,3.4000000000000004
0.1246,3.4000000000000004
0.12470000000000002,3.4000000000000004
0.12480000000000001,3.4000000000000004
0.1249,3.4000000000000004
0.125,3.4000000000000004
0.1251,3.4000000000000004
0.12520000000000003,3.4000000000000004
0.12530000000000002,3.4000000000000004
0.1254,3.4000000000000004
0.1255,3.4000000000000004
0.1256,3.4000000000000004
0.12570000000000003,3.4000000000000004
0.12580000000000002,3.4000000000000004
